T,h,e,r,e, ,a,r,e,n,',t, ,m,a,n,y, ,p,o,s,t,s, ,a,b,o,u,t, ,J,&,J, ,y,e,t,., ,I, ,g,o,t, ,m,i,n,e, ,t,h,i,s, ,m,o,r,n,i,n,g,., ,F,e,e,l, ,f,r,e,e, ,t,o, ,a,s,k, ,m,e, ,a,n,y,t,h,i,n,g,.
C,a,n, ,y,o,u, ,u,p,d,a,t,e, ,l,a,t,e,r, ,i,f, ,y,o,u, ,h,a,v,e, ,a,n,y, ,o,t,h,e,r, ,s,i,d,e, ,e,f,f,e,c,t,s,?, , ,I,’,m, ,s,e,t, ,t,o, ,g,e,t, ,m,i,n,e, ,n,e,x,t, ,w,e,e,k, ,a,n,d, ,I, ,h,e,a,r, ,r,u,m,o,r,s, ,t,h,a,t, ,i,t, ,m,i,g,h,t, ,b,e, ,J,&,J,.
Y,e,s,",", ,I, ,w,i,l,l,.
N,o,t, ,O,P,",", ,b,u,t, ,g,o,t, ,m,i,n,e, ,o,n, ,M,o,n,d,a,y,., ,F,i,r,s,t, ,d,a,y, ,f,e,l,t, ,g,r,e,a,t,., ,N,e,x,t, ,d,a,y, ,I, ,f,e,l,t, ,l,i,k,e, ,I, ,g,o,t, ,h,i,t, ,b,y, ,a, ,t,r,u,c,k,., ,P,r,o,b,a,b,l,y, ,a, ,s,o,l,i,d, ,3,-,4, ,c,o,n,s,i,s,t,e,n,t, ,a,c,h,e,y,n,e,s,s, ,a,l,l, ,d,a,y, ,l,o,n,g,., ,G,o,t, ,g,r,a,d,u,a,l,l,y, ,b,e,t,t,e,r, ,t,h,r,o,u,g,h, ,t,h,e, ,d,a,y, ,w,i,t,h, ,i,b,u,p,r,o,f,e,n,",", ,a,n,d, ,f,e,l,t, ,f,i,n,e, ,t,o,d,a,y,., ,2,7, ,y,o, ,i,f, ,t,h,a,t, ,i,n,f,o, ,h,e,l,p,s
I, ,g,o,t, ,i,t, ,y,e,s,t,e,r,d,a,y, ,a,n,d, ,I, ,c,a,n, ,c,o,n,f,i,r,m, ,i,t, ,f,e,e,l,s, ,l,i,k,e, ,y,o,u, ,g,o,t, ,h,i,t, ,b,y, ,a, ,t,r,u,c,k, ,t,h,e, ,n,e,x,t, ,m,o,r,n,i,n,g
F,o,r, ,m,e, ,i,t, ,t,o,n,e,d, ,d,o,w,n, ,t,h,e, ,n,e,x,t, ,d,a,y,., ,I, ,g,e,t, ,s,o,m,e, ,b,o,u,t,s, ,o,f, ,f,a,t,i,g,u,e, ,t,h,e, ,w,e,e,k, ,a,f,t,e,r,",", ,b,u,t, ,n,o,t, ,s,u,r,e, ,i,f, ,t,h,a,t,',s, ,d,u,e, ,t,o, ,t,h,e, ,v,a,c,c,i,n,e, ,o,r, ,D,S,T,.
W,h,a,t, ,i,s, ,t,h,e, ,c,a,p,i,t,a,l, ,o,f, ,S,p,a,i,n,?
M,a,d,r,i,d
T,h,i,s, ,g,u,y, ,i,s, ,g,o,o,d
1,0, ,h,o,u,r,s, ,l,a,t,e,r,.,.,.,., ,M,i,l,d, ,b,o,d,y, ,a,c,h,e,s,",", ,s,e,v,e,r,e, ,h,u,n,g,e,r, ,a,n,d, ,m,y, ,c,h,e,s,t, ,f,e,e,l,s, ,a, ,l,i,t,t,l,e, ,h,e,a,v,y, ,b,u,t, ,n,o,t,h,i,n,g, ,t,o, ,w,o,r,r,y, ,a,b,o,u,t,.
M,y, ,h,u,s,b,a,n,d, ,g,o,t, ,t,h,e, ,s,a,m,e, ,v,a,c,c,i,n,e, ,t,h,i,s, ,m,o,r,n,i,n,g,., ,H,e, ,h,a,s, ,h,a,d, ,n,o, ,s,i,d,e, ,e,f,f,e,c,t,s, ,a,t, ,a,l,l,., ,H,e, ,h,a,s, ,w,o,r,s,e, ,h,e,a,l,t,h,., ,S,o, ,c,r,a,z,y, ,h,o,w, ,i,t, ,e,f,f,e,c,t,s, ,e,v,e,r,y,o,n,e, ,d,i,f,f,e,r,e,n,t,l,y,.
e,v,e,r,y, ,g,u,y, ,i, ,k,n,o,w, ,w,h,o, ,h,a,s, ,g,o,t,t,e,n, ,v,a,c,c,i,n,a,t,e,d, ,h,a,s, ,h,a,d, ,n,o,t,h,i,n,g, ,b,u,t, ,a, ,s,o,r,e, ,a,r,m,!, ,E,v,e,r,y, ,w,o,m,a,n, ,h,a,s, ,h,a,d, ,f,e,v,e,r, ,a,n,d, ,a,c,h,e,s,., ,i,d,k, ,w,h,y, ,i,t, ,v,a,r,i,e,s, ,s,o, ,g,r,e,a,t,l,y, ,d,e,p,e,n,d,i,n,g, ,o,n, ,y,o,u,r, ,g,e,n,d,e,r
M,y, ,s,o,n, ,h,a,d, ,h,e,a,d,a,c,h,e,",", ,c,h,i,l,l,s, ,a,n,d, ,o,v,e,r,a,l,l, ,b,o,d,y, ,a,c,h,e,s, ,f,o,r, ,a,b,o,u,t, ,2,4, ,h,o,u,r,s,., ,H,e, ,i,s, ,2,3,.
M,a,k,e,s, ,s,e,n,s,e,., ,H,e, ,i,s, ,y,o,u,n,g, ,a,n,d, ,a,b,l,e, ,t,o, ,m,o,u,n,t, ,a, ,b,e,t,t,e,r, ,i,m,m,u,n,e, ,r,e,s,p,o,n,s,e,.
I,’,m, ,a, ,f,e,m,a,l,e, ,a,n,d, ,h,a,v,e, ,b,e,e,n, ,f,u,l,l,y, ,v,a,c,c,i,n,a,t,e,d, ,f,o,r, ,t,w,o, ,m,o,n,t,h,s, ,n,o,w, ,(,r,e,c,e,i,v,e,d, ,t,h,e, ,m,o,d,e,r,n,a,),., ,I, ,h,a,d, ,n,o, ,s,i,d,e, ,e,f,f,e,c,t,s, ,a,t, ,a,l,l, ,b,e,s,i,d,e,s, ,t,h,e, ,s,o,r,e, ,a,r,m, ,a,n,d, ,t,i,r,e,d,n,e,s,s,.
A, ,b,i,t, ,s,h,o,r,t, ,o,f, ,b,r,e,a,t,h, ,n,o,w, ,1,2, ,h,o,u,r,s, ,l,a,t,e,r,.
I, ,h,o,p,e, ,y,o,u,r, ,s,h,o,r,t,n,e,s,s, ,o,f, ,b,r,e,a,t,h, ,g,o,e,s, ,a,w,a,y, ,q,u,i,c,k,l,y,., ,T,h,a,n,k, ,y,o,u, ,f,o,r, ,l,e,t,t,i,n,g, ,u,s, ,k,n,o,w, ,y,o,u,r, ,s,i,d,e, ,e,f,f,e,c,t,s,., ,W,e, ,a,r,e, ,j,u,s,t, ,b,e,g,i,n,n,i,n,g, ,t,o, ,h,e,a,r, ,f,r,o,m, ,t,h,o,s,e, ,r,e,c,e,i,v,i,n,g, ,t,h,e, ,J, ,a,n,d, ,J, ,v,a,c,c,i,n,e, ,s,i,n,c,e, ,t,h,e,y, ,j,u,s,t, ,r,e,l,e,a,s,e,d, ,i,t, ,t,o, ,t,h,e, ,p,u,b,l,i,c,., ,P,l,e,a,s,e, ,k,e,e,p, ,u,s, ,u,p,d,a,t,e,d, ,w,h,e,n, ,y,o,u, ,a,r,e, ,a,b,l,e,., ,I, ,h,o,p,e, ,y,o,u, ,f,e,e,l, ,b,e,t,t,e,r, ,v,e,r,y, ,s,o,o,n,!
T,h,a,n,k, ,y,o,u, ,s,o, ,m,u,c,h,!
I, ,j,u,s,t, ,g,o,t, ,t,h,e, ,J,&,J, ,v,a,c,c,i,n,e, ,t,o,d,a,y, ,a,n,d, ,f,e,e,l, ,t,o,t,a,l,l,y, ,f,i,n,e,., ,N,o, ,p,a,i,n, ,o,r, ,n,o,t,h,i,n,g,., ,H,o,p,e,f,u,l,l,y, ,i,t, ,s,t,a,y,s, ,t,h,i,s, ,w,a,y,!
T,o, ,t,h,o,s,e, ,w,h,o, ,g,o,t, ,t,h,e, ,v,a,c,c,i,n,e,",", ,c,a,n, ,I, ,a,s,k, ,y,o,u,r, ,a,g,e,s,?, ,I, ,j,u,s,t, ,s,c,h,e,d,u,l,e,d, ,m,y, ,8,9, ,y,e,a,r, ,o,l,d, ,m,o,m, ,f,o,r, ,J,&,J, ,a,n,d, ,s,h,e, ,i,s, ,n,e,r,v,o,u,s,.
G,o,t, ,m,i,n,e, ,t,o,d,a,y, ,3,0
G,o,t, ,m,i,n,e, ,t,o,d,a,y,",", ,3,0,., ,F,e,e,l,i,n,g, ,f,i,n,e, ,o,v,e,r,a,l,l, ,b,u,t, ,a,b,o,u,t, ,6, ,h,o,u,r,s, ,a,f,t,e,r, ,t,h,e, ,s,h,o,t, ,I, ,s,t,a,r,t,e,d, ,t,o, ,f,e,e,l, ,a,c,h,e,y,/,s,t,i,f,f,",", ,a,n,d, ,h,a,v,e, ,a, ,l,o,w, ,g,r,a,d,e, ,f,e,v,e,r,., ,A,r,m, ,s,o,r,e, ,a,t, ,f,i,r,s,t, ,b,u,t, ,t,h,a,t, ,w,o,r,e, ,o,f,f, ,f,o,r, ,m,e, ,p,r,e,t,t,y, ,q,u,i,c,k,l,y, ,a,n,d, ,n,o,w, ,i,t, ,i,s,n,',t, ,b,o,t,h,e,r,i,n,g, ,m,e, ,m,u,c,h,.
4,5
3,6, ,g,o,t, ,i,t, ,3, ,h,o,u,r,s, ,a,g,o,",", ,t,e,a,c,h,e,r
S,a,m,e, ,a,g,e,",", ,g,o,t, ,m,i,n,e, ,y,e,s,t,e,r,d,a,y,., , ,A, ,l,i,t,t,l,e, ,s,o,r,e,n,e,s,s, ,i,n, ,m,y, ,a,r,m,",", ,o,t,h,e,r, ,t,h,a,n, ,t,h,a,t, ,f,e,e,l, ,p,e,r,f,e,c,t,l,y, ,f,i,n,e,.
N,o,t, ,f,e,e,l,i,n,g, ,t,o,o, ,g,r,e,a,t, ,t,o,d,a,y,., ,Y,o,u,?
S,o,r,r,y, ,t,o, ,h,e,a,r, ,t,h,a,t,., , ,N,o, ,i,s,s,u,e,s, ,f,o,r, ,m,e, ,o,t,h,e,r, ,t,h,a,n, ,a, ,l,i,t,t,l,e, ,s,o,r,e,n,e,s,s, ,i,n, ,m,y, ,a,r,m,., , ,H,o,p,e, ,y,o,u, ,f,e,e,l, ,b,e,t,t,e,r, ,s,o,o,n,!
S,a,m,e
A,n,y, ,p,l,a,n,s, ,o,n, ,g,o,i,n,g, ,t,o, ,t,h,e, ,m,o,v,i,e,s, ,a,n,y,t,i,m,e, ,s,o,o,n,?
I, ,h,a,d,n,',t, ,e,v,e,n, ,t,h,o,u,g,h,t, ,a,b,o,u,t, ,i,t,!, ,I,',l,l, ,p,r,o,b,a,b,l,y, ,w,a,i,t, ,a, ,b,i,t,",", ,b,u,t, ,i,t, ,w,i,l,l, ,b,e, ,n,i,c,e, ,t,o, ,g,o, ,i,n,s,i,d,e, ,C,o,s,t,c,o, ,a,g,a,i,n,., ,I, ,l,i,v,e, ,i,n, ,a, ,v,e,r,y, ,a,n,t,i,-,m,a,s,k, ,s,t,a,t,e,",", ,s,o, ,m,y, ,f,a,m,i,l,y, ,h,a,s, ,u,s,e,d, ,g,r,o,c,e,r,y, ,p,i,c,k, ,u,p, ,s,e,r,v,i,c,e,s,., ,W,e, ,w,i,l,l, ,c,o,n,t,i,n,u,e, ,t,o, ,w,e,a,r, ,o,u,r, ,m,a,s,k,s, ,t,h,o,u,g,h,.
S,a,m,e, ,h,e,r,e, ,.,.,., ,h,a,v,e, ,b,e,e,n, ,m,i,s,s,i,n,g, ,C,o,s,t,c,o, ,r,o,t,i,s,s,e,r,i,e, ,c,h,i,c,k,e,n,s, ,f,o,r, ,t,h,e, ,l,a,s,t, ,y,e,a,r,",", ,b,u,t, ,g,i,v,e,n, ,h,o,w, ,p,e,o,p,l,e, ,a,r,o,u,n,d, ,h,e,r,e, ,a,r,e,",", ,w,e,',v,e, ,o,n,l,y, ,d,o,n,e, ,g,r,o,c,e,r,y, ,p,i,c,k,u,p,.

I, ,t,e,x,t,e,d, ,a, ,c,o,w,o,r,k,e,r, ,r,e,c,e,n,t,l,y, ,t,h,a,t, ,h,a,v,i,n,g, ,h,a,d, ,b,o,t,h, ,d,o,s,e,s, ,o,f, ,t,h,e, ,v,a,c,c,i,n,e,",", ,I, ,w,a,s, ,n,o,w, ,r,e,a,d,y, ,t,o, ,g,o, ,t,h,r,o,u,g,h, ,t,h,e, ,S,t,a,r,b,u,c,k,s, ,d,r,i,v,e, ,t,h,r,u,., ,l,o,l,.
O,m,g,",", ,i,t,’,s, ,s,o, ,f,u,n,n,y, ,t,h,a,t, ,y,o,u, ,s,a,y, ,t,h,a,t,-, ,I, ,h,a,v,e,n,’,t, ,b,e,e,n, ,t,o, ,C,o,s,t,c,o, ,i,n, ,a, ,Y,E,A,R, ,a,n,d, ,a,m, ,s,o, ,l,o,o,k,i,n,g, ,f,o,r,w,a,r,d, ,t,o, ,g,o,i,n,g, ,a,g,a,i,n,!
I,t,s, ,f,u,n,n,y, ,y,o,u, ,s,a,y, ,t,h,a,t, ,a,s, ,t,h,i,s, ,w,e,e,k, ,1, ,y,e,a,r, ,a,g,o, ,w,a,s, ,t,h,e, ,l,a,s,t, ,t,i,m,e, ,I, ,w,e,n,t, ,i,n,t,o, ,a, ,c,o,s,t,c,o,",", ,a,n,d, ,i, ,l,o,a,d,e,d, ,u,p, ,f,o,r, ,t,h,e, ,b,e,g,i,n,n,i,n,g, ,o,f, ,t,h,e, ,p,a,n,d,e,m,i,c,., ,I, ,c,a,n,t, ,w,a,i,t, ,t,o, ,g,o, ,b,a,c,k, ,s,h,o,p,p,i,n,g, ,s,o,o,n,!
C,o,s,t,c,o, ,h,a,s, ,a, ,c,o,m,p,a,n,y,-,w,i,d,e, ,m,a,s,k, ,p,o,l,i,c,y,., ,W,a,s, ,y,o,u,r, ,l,o,c,a,l, ,w,a,r,e,h,o,u,s,e, ,n,o,t, ,e,n,f,o,r,c,i,n,g, ,i,t,s, ,o,w,n, ,m,a,s,k, ,p,o,l,i,c,y,?
G,r,a,n,t,e,d,",", ,C,o,s,t,c,o, ,a,l,l,o,w,s, ,c,u,s,t,o,m,e,r,s, ,t,o, ,w,e,a,r, ,f,a,c,e, ,s,h,i,e,l,d,s, ,i,n,s,t,e,a,d,.
I, ,w,e,n,t, ,i,n, ,a, ,f,e,w, ,t,i,m,e,s,",", ,a,n,d, ,i,t, ,w,a,s, ,e,n,f,o,r,c,e,d, ,a,t, ,t,h,e, ,d,o,o,r, ,b,u,t, ,p,a,s,t, ,t,h,a,t, ,p,o,i,n,t, ,p,e,o,p,l,e, ,t,o,o,k, ,t,h,e,i,r, ,m,a,s,k,s, ,o,f,f,.
I,t,',s, ,w,o,r,t,h, ,f,l,a,g,g,i,n,g, ,a,n, ,e,m,p,l,o,y,e,e, ,d,o,w,n,",", ,o,r, ,g,o,i,n,g, ,t,o, ,t,h,e, ,C,u,s,t,o,m,e,r, ,S,e,r,v,i,c,e, ,d,e,s,k,",", ,a,n,d, ,a,s,k,i,n,g, ,t,o, ,s,p,e,a,k, ,t,o, ,t,h,e, ,m,a,n,a,g,e,r, ,i,f, ,n,e,c,e,s,s,a,r,y,.
I,f, ,t,h,e, ,m,a,n,a,g,e,r, ,s,a,i,d, ,n,o,",", ,I,',d, ,p,a,s,s,i,v,e,-,a,g,g,r,e,s,s,i,v,e,l,y, ,a,s,k, ,h,o,w, ,t,h,e, ,m,a,n,a,g,e,r, ,s,p,e,l,l,s, ,h,i,s, ,n,a,m,e, ,a,n,d, ,w,r,i,t,e, ,i,t, ,d,o,w,n,",", ,t,h,e,n, ,r,e,p,o,r,t, ,i,t, ,t,o, ,c,o,r,p,o,r,a,t,e, ,t,h,r,o,u,g,h, ,C,o,s,t,c,o,.,c,o,m,.
Y,o,u, ,m,i,g,h,t, ,b,e, ,s,u,r,p,r,i,s,e,d,., ,T,h,e, ,m,a,n,a,g,e,r, ,m,i,g,h,t, ,a,p,p,r,o,a,c,h, ,u,n,m,a,s,k,e,d, ,c,u,s,t,o,m,e,r,s,., ,M,y, ,l,o,c,a,l, ,w,a,r,e,h,o,u,s,e, ,h,a,s, ,a, ,v,i,r,a,l, ,v,i,d,e,o, ,w,i,t,h, ,a, ,c,u,s,t,o,m,e,r, ,b,e,i,n,g, ,r,e,m,o,v,e,d, ,b,y, ,c,o,p,s,.
T,h,e,r,e, ,i,s, ,a, ,l,o,c,a,l, ,m,a,r,k,e,t, ,I, ,s,h,o,p, ,a,t, ,s,e,v,e,r,a,l, ,t,i,m,e,s, ,a, ,w,e,e,k, ,a,n,d, ,I, ,g,o,t, ,p,i,s,s,e,d, ,a,t, ,t,h,e,r,e, ,b,e,i,n,g, ,s,o, ,m,a,n,y, ,c,h,i,n, ,m,a,s,k,e,r,s,., ,I, ,c,o,m,p,l,a,i,n,e,d, ,i,n, ,p,r,i,v,a,t,e, ,m,a,i,l, ,t,o, ,t,h,e, ,s,t,o,r,e,',s, ,F,a,c,e,b,o,o,k, ,a,c,c,o,u,n,t, ,a,n,d, ,t,h,e,y, ,t,o,l,d, ,m,e, ,s,t,r,a,i,g,h,t, ,u,p, ,t,o, ,i,n,f,o,r,m, ,t,h,e, ,m,a,n,a,g,e,r, ,a,n,d, ,t,h,o,s,e, ,c,u,s,t,o,m,e,r,s, ,w,i,l,l, ,b,e, ,t,o,l,d, ,t,o, ,w,e,a,r, ,t,h,e,i,r, ,m,a,s,k, ,o,r, ,l,e,a,v,e,.
h,o,w, ,l,o,n,g, ,w,i,l,l, ,y,o,u, ,h,a,v,e, ,t,o, ,c,o,n,t,i,n,u,e, ,t,o, ,w,e,a,r, ,y,o,u,r, ,m,a,s,k,",", ,e,v,e,n, ,i,f, ,v,a,c,c,i,n,a,t,e,d,?
U,n,t,i,l, ,m,a,s,k, ,m,a,n,d,a,t,e,s, ,a,r,e, ,d,r,o,p,p,e,d, ,i,n, ,m,y, ,s,t,a,t,e,., ,O,r, ,u,n,t,i,l, ,I, ,f,e,e,l, ,c,o,m,f,o,r,t,a,b,l,e, ,w,i,t,h, ,t,h,e, ,l,e,v,e,l,s, ,i,n, ,m,y, ,a,r,e,a,.
T,h,e, ,e,n,t,i,r,e, ,m,a,s,k, ,t,h,i,n,g, ,i,s, ,w,h,a,t, ,c,o,n,f,u,s,e,s, ,m,e,., ,A,t, ,f,i,r,s,t, ,t,h,e,y, ,s,a,i,d, ,m,a,s,k,s, ,d,i,d, ,n,o,t,h,i,n,g, ,a,n,d, ,n,o,w, ,t,h,e,y, ,s,t,i,l,l, ,s,a,y, ,w,e,a,r, ,t,h,e,m, ,e,v,e,n, ,i,f, ,v,a,c,c,i,n,a,t,e,d,., ,I,t, ,j,u,s,t, ,d,o,e,s,n,',t, ,m,a,k,e, ,s,e,n,s,e, ,t,o, ,m,e,.
T,h,e,y, ,c,o,u,l,d, ,h,a,v,e, ,d,o,n,e, ,b,e,t,t,e,r, ,e,x,p,l,a,i,n,i,n,g, ,t,h,e, ,r,e,v,e,r,s,a,l, ,b,u,t, ,i,t,',s, ,s,i,m,p,l,e,., ,M,a,s,k,s, ,w,e,r,e, ,f,i,r,s,t, ,p,r,o,p,o,s,e,d, ,a,s, ,p,r,o,t,e,c,t,i,o,n, ,f,o,r, ,t,h,e, ,w,e,a,r, ,(,s,t,a,n,d,a,r,d, ,u,s,e, ,a,s, ,P,P,E,),., ,H,o,w,e,v,e,r, ,l,o,w, ,q,u,a,l,i,t,y, ,m,a,s,k,s, ,a,r,e,n,',t, ,g,r,e,a,t, ,a,t, ,t,h,i,s, ,a,n,d, ,t,h,e,r,e, ,w,e,r,e, ,n,o,t, ,e,n,o,u,g,h, ,f,o,r, ,h,e,a,l,t,h, ,c,a,r,e, ,w,o,r,k,e,r,s, ,o,f, ,t,h,e, ,b,e,t,t,e,r, ,o,n,e,s,., ,T,h,e,n, ,t,h,e, ,d,a,t,a, ,s,t,a,r,t,e,d, ,r,o,l,l,i,n,g, ,i,n, ,t,h,a,t, ,p,r,e,s,y,m,p,t,o,m,a,t,i,c, ,a,n,d, ,a,s,y,m,p,t,o,m,a,t,i,c, ,p,e,o,p,l,e, ,w,e,r,e, ,d,a,m,n, ,c,o,n,t,a,g,i,o,u,s, ,b,e,f,o,r,e, ,t,h,e,y, ,k,n,e,w, ,t,h,e,y, ,w,e,r,e, ,s,i,c,k, ,a,n,d, ,p,u,t,t,i,n,g, ,m,a,s,k,s, ,o,n, ,t,h,e,m, ,r,e,d,u,c,e,d, ,t,r,a,n,s,m,i,s,s,i,o,n, ,h,e,l,l,a, ,g,o,o,d,!, ,S,o, ,t,h,a,t, ,m,e,a,n,s, ,e,v,e,r,y,o,n,e, ,w,e,a,r,s, ,a, ,m,a,s,k, ,b,e,c,a,u,s,e, ,y,o,u, ,c,a,n,',t, ,t,e,l,l, ,i,f, ,y,o,u,',r,e, ,a, ,p,l,a,g,u,e, ,r,a,t, ,t,i,l,l, ,t,h,e, ,d,a,m,a,g,e, ,i,s, ,d,o,n,e,., ,(,O,r, ,t,o, ,u,s,e, ,a, ,s,a,w, ,a,n,a,l,o,g,y, ,-, ,i,t,',s, ,l,i,k,e, ,p,u,t,t,i,n,g, ,a, ,d,u,s,t, ,c,o,l,l,e,c,t,o,r, ,o,n, ,a, ,s,a,w, ,s,o, ,t,h,e, ,w,h,o,l,e, ,s,h,o,p, ,s,t,a,y,s, ,c,l,e,a,n, ,-, ,i,f, ,y,o,u, ,h,a,v,e, ,1,0, ,s,a,w,s, ,i,n, ,t,h,e, ,s,h,o,p, ,t,h,e,y, ,a,l,l, ,n,e,e,d, ,c,o,l,l,e,c,t,o,r,s, ,o,r, ,i,t,s, ,p,o,i,n,t, ,l,e,s,s,.,)
B,c, ,v,a,c,c,i,n,e, ,d,o,e,s,n,t, ,t,o,t,a,l,l,y, ,s,t,o,p, ,t,h,e, ,s,p,r,e,a,d, ,o,f, ,i,t,.
w,e,l,l, ,i,s,n,',t, ,t,h,a,t, ,j,u,s,t, ,f,a,n,t,a,s,t,i,c
I,’,m, ,m,e,d,i,c,a,l,l,y, ,e,l,i,g,i,b,l,e, ,a,n,d, ,I,’,m, ,a,b,l,e, ,t,o, ,t,r,a,v,e,l, ,t,o, ,g,e,t, ,t,h,e, ,v,a,c,c,i,n,e, ,i,f, ,n,e,e,d, ,b,e,.
W,e, ,a,r,e, ,i,n, ,B,r,e,v,a,r,d, ,C,o,u,n,t,y, ,s,o, ,e,a,s,t, ,c,o,a,s,t, ,o,r, ,O,r,l,a,n,d,o, ,w,o,u,l,d, ,b,e, ,g,r,e,a,t,.
T,h,a,n,k, ,y,o,u, ,f,o,r, ,y,o,u,r, ,h,e,l,p,!
T,h,e, ,F,E,M,A, ,s,i,t,e, ,a,t, ,V,a,l,e,n,c,i,a, ,W,e,s,t,., ,I, ,h,e,a,r,d, ,i,t,’,s, ,s,u,p,e,r, ,e,f,f,i,c,i,e,n,t, ,a,n,d, ,w,e,l,l, ,r,a,n,.
E,d,i,t,e,d, ,t,o, ,a,d,d,:, ,I, ,g,o,t, ,J,&,J, ,i,n, ,J,a,c,k,s,o,n,v,i,l,l,e, ,o,v,e,r, ,t,h,e, ,w,e,e,k,e,n,d, ,a,n,d, ,i,t, ,w,a,s, ,a, ,g,r,e,a,t, ,e,x,p,e,r,i,e,n,c,e,.
+,1, ,f,o,r, ,F,E,M,A,.
G,o,t, ,v,a,c,c,i,n,a,t,e,d, ,a,t, ,t,h,e, ,s,i,t,e, ,i,n, ,T,a,m,p,a, ,o,n, ,S,a,t,u,r,d,a,y,",", ,a,n,d, ,w,i,t,h,o,u,t, ,a,p,p,o,i,n,t,m,e,n,t,s, ,w,e, ,w,e, ,i,n, ,a,n,d, ,o,u,t, ,i,n, ,u,n,d,e,r, ,a,n, ,h,o,u,r, ,–, ,t,h,a,t,',s, ,i,n,c,l,u,d,i,n,g, ,t,h,e, ,t,i,m,e, ,w,e, ,h,a,d, ,t,o, ,w,a,i,t, ,a,t, ,t,h,e, ,e,n,d, ,s,o, ,t,h,e,y, ,c,o,u,l,d, ,m,o,n,i,t,o,r, ,f,o,r, ,r,e,a,c,t,i,o,n, ,t,o, ,t,h,e, ,v,a,c,c,i,n,e,., ,T,h,e,y, ,h,a,d, ,a, ,c,h,o,i,c,e, ,b,e,t,w,e,e,n, ,P,f,i,z,e,r, ,a,n,d, ,J,&,J,.
A,n,o,t,h,e,r, ,v,o,t,e, ,f,o,r, ,t,h,e, ,V,a,l,e,n,c,i,a, ,F,E,M,A, ,s,i,t,e,!, ,E,v,e,r,y,o,n,e, ,i,s, ,f,r,i,e,n,d,l,y, ,a,n,d, ,p,r,o,f,e,s,s,i,o,n,a,l,",", ,t,h,e,y, ,h,a,v,e, ,p,l,e,n,t,y, ,o,f, ,b,o,t,t,l,e,d, ,w,a,t,e,r, ,a,v,a,i,l,a,b,l,e,",", ,a,n,d, ,t,h,e,r,e, ,w,a,s, ,n,e,x,t, ,t,o, ,n,o, ,l,i,n,e,., ,I, ,j,u,s,t, ,l,e,f,t, ,w,i,t,h, ,m,y, ,h,u,s,b,a,n,d,.
I, ,w,e,n,t, ,t,o, ,V,a,l,e,n,c,i,a, ,a,t, ,n,o,o,n, ,t,o,d,a,y,., ,I,t, ,w,a,s, ,t,e,n, ,m,i,n,u,t,e,s, ,f,r,o,m, ,t,h,e, ,p,a,r,k,i,n,g, ,l,o,t, ,t,o, ,t,h,e, ,1,5,-,m,i,n, ,o,b,s,e,r,v,a,t,i,o,n, ,a,r,e,a,., ,A,l,o,n,g, ,t,h,e, ,w,a,y,",", ,s,e,v,e,r,a,l, ,p,e,o,p,l,e, ,w,o,r,k,i,n,g, ,t,h,a,n,k,e,d, ,m,e, ,f,o,r, ,c,o,m,i,n,g,.
T,h,a,n,k, ,y,o,u,!
D,o, ,y,o,u, ,k,n,o,w, ,i,f, ,y,o,u, ,h,a,v,e, ,t,o, ,r,e,g,i,s,t,e,r, ,t,h,e,r,e, ,o,r, ,i,f, ,i,t, ,i,s, ,f,i,r,s,t, ,c,o,m,e,",", ,f,i,r,s,t, ,s,e,r,v,e,?
I,t,',s, ,f,i,r,s,t, ,c,o,m,e,",", ,f,i,r,s,t, ,s,e,r,v,e,d,., , ,I, ,g,o,t, ,a, ,J,&,J, ,v,a,c,c,i,n,a,t,i,o,n, ,t,h,e,r,e, ,S,a,t,u,r,d,a,y,., , ,I, ,a,r,r,i,v,e,d, ,a,r,o,u,n,d, ,8, ,A,M, ,a,n,d, ,w,a,s, ,o,u,t, ,b,y, ,1,0, ,A,M,.
F,i,r,s,t, ,c,o,m,e,",", ,f,i,r,s,t, ,s,e,r,v,e,., ,T,h,e,y, ,c,h,e,c,k, ,y,o,u,r, ,e,l,i,g,i,b,i,l,i,t,y, ,a,n,d, ,t,e,m,p,e,r,a,t,u,r,e, ,o,n,c,e, ,a,t, ,t,h,e, ,e,n,t,r,a,n,c,e, ,t,h,e,n, ,a,g,a,i,n, ,a,t, ,t,h,e, ,r,e,g,i,s,t,r,a,t,i,o,n, ,t,a,b,l,e,., ,T,h,e,y, ,c,h,e,c,k, ,w,h,a,t,e,v,e,r, ,c,r,e,d,e,n,t,i,a,l,s, ,y,o,u,’,r,e, ,u,s,i,n,g, ,a,n,d, ,g,e,t, ,y,o,u,r, ,b,a,s,i,c, ,i,n,f,o,., ,I, ,g,o,t, ,t,h,e, ,s,h,o,t, ,w,i,t,h,i,n, ,1,5, ,m,i,n,u,t,e,s, ,o,f, ,a,r,r,i,v,a,l,., ,I,t,’,s, ,v,e,r,y, ,w,e,l,l, ,o,r,g,a,n,i,z,e,d, ,a,n,d, ,e,v,e,r,y,o,n,e, ,i,s, ,s,u,p,e,r, ,n,i,c,e, ,a,n,d, ,p,r,o,f,e,s,s,i,o,n,a,l,.
T,h,a,n,k, ,y,o,u,!
A,s, ,a,n, ,F,Y,I,:, ,I,',m, ,a,t, ,V,a,l,e,n,c,i,a, ,n,o,w, ,a,n,d, ,a,p,p,a,r,e,n,t,l,y, ,t,h,e,y, ,h,a,v,e, ,r,u,n, ,t,h,r,o,u,g,h, ,t,h,e,i,r, ,d,a,i,l,y, ,J,&,J, ,b,e,c,a,u,s,e, ,P,f,i,z,e,r, ,w,a,s, ,t,h,e,i,r, ,o,n,l,y, ,o,p,t,i,o,n, ,(,w,h,i,c,h, ,i,s, ,w,h,a,t, ,I, ,w,a,n,t,e,d,),.
I,t, ,m,i,g,h,t, ,b,e, ,t,h,e, ,s,i,n,g,l,e, ,s,h,o,t, ,s,i,m,p,l,i,c,i,t,y
Y,e,s,",", ,t,h,a,t,’,s, ,w,h,y,., ,I,’,m, ,h,o,p,i,n,g, ,f,o,r, ,o,n,e, ,t,h,a,t, ,I, ,c,a,n, ,g,e,t, ,s,o,m,e, ,i,m,m,u,n,i,t,y, ,g,o,i,n,g, ,q,u,i,c,k,l,y, ,a,s, ,m,y, ,e,x,-,h,u,s,b,a,n,d, ,i,s, ,i,n,s,i,s,t,i,n,g, ,h,e, ,i,s, ,c,o,m,i,n,g, ,n,e,x,t, ,w,e,e,k, ,t,o, ,s,e,e, ,o,u,r, ,m,i,n,o,r, ,c,h,i,l,d, ,w,h,o, ,h,e, ,h,a,s, ,n,o,t, ,s,e,e,n, ,i,n, ,3, ,y,e,a,r,s,., ,H,e, ,w,o,n,’,t, ,w,a,i,t, ,f,o,r, ,m,e, ,t,o, ,b,e, ,f,u,l,l,y, ,v,a,c,c,i,n,a,t,e,d, ,a,n,d, ,I, ,a,m, ,j,u,s,t, ,t,r,y,i,n,g, ,t,o, ,g,e,t, ,s,o,m,e, ,p,r,o,t,e,c,t,i,o,n,., ,I,’,m, ,o,n, ,i,m,m,u,n,e, ,s,y,s,t,e,m, ,s,u,p,p,r,e,s,s,i,o,n, ,t,h,e,r,a,p,y, ,s,o, ,I, ,d,o,n,’,t, ,k,n,o,w, ,h,o,w, ,m,u,c,h, ,i,t, ,w,i,l,l, ,h,e,l,p, ,b,u,t, ,I,’,m, ,t,r,y,i,n,g, ,t,o, ,b,e, ,s,a,f,e,.
Y,o,u,’,r,e, ,w,e,l,c,o,m,e,!
h,t,t,p,s,:,/,/,w,w,w,.,v,a,c,c,i,n,e,s,p,o,t,t,e,r,.,o,r,g,/,F,L,/, ,l,i,s,t,s, ,t,h,e, ,t,y,p,e, ,o,f, ,v,a,c,c,i,n,e, ,n,e,x,t, ,t,o, ,t,h,e, ,a,v,a,i,l,a,b,l,e, ,a,p,p,o,i,n,t,m,e,n,t, ,s,l,o,t, ,f,o,r, ,m,o,s,t, ,l,o,c,a,t,i,o,n,s,.
T,h,a,n,k, ,y,o,u,!
P,u,b,l,i,x, ,r,e,s,e,r,v,e,s, ,J,&,J, ,o,n, ,W,e,d,n,e,s,d,a,y, ,f,o,r, ,w,e,e,k,e,n,d, ,a,p,p,o,i,n,t,m,e,n,t,s, ,(,d,e,t,a,i,l,s, ,o,n, ,t,h,e,i,r, ,w,e,b,s,i,t,e,),., ,C,V,S, ,h,a,s, ,a, ,b,i,g, ,b,a,n,n,e,r, ,a,b,o,u,t, ,J,&,J, ,o,n, ,t,h,e,i,r, ,w,e,b,s,i,t,e,",", ,s,o, ,I, ,a,s,s,u,m,e, ,t,h,a,t,',s, ,w,h,a,t, ,t,h,e,y,',r,e, ,g,i,v,i,n,g,",", ,b,u,t, ,d,o, ,n,o,t, ,k,n,o,w, ,., ,W,h,e,n, ,I, ,l,o,o,k,e,d, ,y,e,s,t,e,r,d,a,y,",", ,C,V,S, ,h,a,d, ,s,l,o,t,s, ,i,n, ,O,r,l,a,n,d,o, ,a,n,d, ,o,t,h,e,r, ,p,a,r,t,s, ,o,f, ,F,l,o,r,i,d,a,.
A,c,c,o,r,d,i,n,g, ,t,h,e, ,o,t,h,e,r, ,p,o,s,t,s, ,i,n, ,t,h,i,s, ,f,o,r,u,m, ,a,n,d, ,I, ,b,e,l,i,e,v,e, ,t,h,e,i,r, ,w,e,b,s,i,t,e,",", ,t,h,e, ,F,E,M,A, ,s,i,t,e,s, ,d,o, ,a,b,o,u,t, ,5,0,0, ,d,o,s,e,s, ,o,f, ,J,&,J, ,a, ,d,a,y,., ,T,h,e, ,o,t,h,e,r, ,3,5,0,0, ,h,a,v,e, ,b,e,e,n, ,P,f,i,z,e,r, ,f,r,o,m, ,w,h,a,t, ,I,',v,e, ,s,e,e,n,.
I, ,g,o,t, ,v,a,c,c,i,n,e, ,f,r,o,m, ,C,V,S, ,i,n, ,C,l,e,w,i,s,t,o,n, ,a,n,d, ,i,t, ,w,a,s, ,P,f,i,z,e,r,.
W,h,e,n, ,I, ,s,t,a,r,t,e,d, ,t,h,r,o,u,g,h, ,t,h,e, ,C,V,S, ,r,e,g,i,s,t,r,a,t,i,o,n, ,s,y,s,t,e,m,",", ,o,n,e, ,o,f, ,t,h,e, ,e,a,r,l,y, ,s,c,r,e,e,n,s, ,a,s,k,e,d, ,w,h,e,t,h,e,r, ,i,t, ,w,a,s, ,a, ,f,i,r,s,t, ,s,h,o,t, ,o,r, ,i,f, ,y,o,u, ,w,e,r,e, ,w,a,n,t,i,n,g, ,y,o,u,r, ,s,e,c,o,n,d,., ,G,o,o,d, ,t,o, ,k,n,o,w, ,t,h,a,t, ,t,h,e,y,',r,e, ,n,o,t, ,o,n,l,y, ,d,o,i,n,g, ,t,h,e, ,J,&,J,., ,T,h,e, ,b,i,g, ,r,e,d, ,b,a,n,n,e,r, ,h,a,d, ,m,e, ,w,o,n,d,e,r,i,n,g,",", ,w,h,i,c,h, ,i,s, ,w,h,y, ,I, ,w,e,n,t, ,t,o, ,V,a,l,e,n,c,i,a,.
M,y, ,m,o,m, ,j,u,s,t, ,r,e,c,e,i,v,e,d, ,h,e,r, ,J,&,J, ,s,h,o,t, ,i,n, ,B,r,e,v,a,r,d, ,C,o,u,n,t,y, ,u,s,i,n,g, ,t,h,e, ,s,i,g,n, ,u,p, ,s,h,e,e,t, ,a,t, ,h,t,t,p,s,:,/,/,m,y,v,a,c,c,i,n,e,.,f,l,.,g,o,v,/,e,n,/,s,i,t,e,/,B,r,e,v,a,r,d,., , ,I,t, ,t,o,o,k, ,a,b,o,u,t, ,a, ,w,e,e,k, ,f,o,r, ,t,h,e,m, ,t,o, ,r,e,s,p,o,n,d, ,w,i,t,h, ,a, ,p,h,o,n,e, ,n,u,m,b,e,r, ,f,o,r, ,h,e,r, ,t,o, ,c,a,l,l, ,t,o, ,s,c,h,e,d,u,l,e, ,a,n, ,a,p,p,o,i,n,t,m,e,n,t,., , ,T,h,e, ,s,i,t,e, ,w,a,s, ,a,b,o,u,t, ,3,0, ,m,i,l,e,s, ,a,w,a,y,",", ,w,h,i,c,h, ,w,a,s, ,s,t,r,a,n,g,e, ,b,e,c,a,u,s,e, ,t,h,e,r,e,’,s, ,a, ,s,t,a,t,e, ,h,e,a,l,t,h, ,c,l,i,n,i,c, ,a,b,o,u,t, ,8, ,m,i,l,e,s, ,a,w,a,y,., , ,I,n,s,t,e,a,d,",", ,s,h,e, ,h,a,d, ,t,o, ,d,r,i,v,e, ,t,o, ,a, ,L,u,t,h,e,r,a,n, ,c,h,u,r,c,h, ,o,n, ,B,a,r,e,f,o,o,t, ,B,l,v,d,.,",", ,S,e,b,a,s,t,i,a,n,",", ,F,L,., , ,T,h,e, ,s,i,t,e, ,w,a,s, ,w,e,l,l, ,m,a,n,a,g,e,d,",", ,w,i,t,h, ,w,o,r,k,e,r,s, ,d,i,r,e,c,t,i,n,g, ,p,e,o,p,l,e, ,w,h,e,r,e, ,t,o, ,p,a,r,k,",", ,a,n,d, ,t,h,e,y, ,h,a,d, ,e,n,o,u,g,h, ,p,e,o,p,l,e, ,i,n,s,i,d,e, ,a,d,m,i,n,i,s,t,e,r,i,n,g, ,t,h,e, ,s,h,o,t,s,., , ,T,h,e,y, ,k,e,p,t, ,t,h,i,n,g,s, ,m,o,v,i,n,g, ,a,l,o,n,g, ,q,u,i,t,e, ,w,e,l,l,., , ,T,h,e,r,e, ,w,a,s, ,a, ,p,l,a,c,e, ,t,o, ,s,i,t, ,f,o,r, ,1,5, ,m,i,n,u,t,e,s, ,a,f,t,e,r,w,a,r,d, ,t,o, ,c,h,e,c,k, ,f,o,r, ,s,i,d,e, ,e,f,f,e,c,t,s,., , ,I,n, ,s,u,m,m,a,r,y,",", ,i,t, ,w,a,s, ,a, ,g,o,o,d, ,e,x,p,e,r,i,e,n,c,e,.
T,h,a,n,k,s, ,f,o,r, ,t,h,e, ,i,n,f,o,r,m,a,t,i,o,n,!, ,I, ,a,p,p,r,e,c,i,a,t,e, ,i,t
T,h,a,n,k, ,y,o,u,!
G,u,i,d,e,w,e,l,l, ,l,o,c,a,t,i,o,n,s,",", ,i,f, ,t,h,e,y, ,h,a,v,e,n,’,t, ,r,u,n, ,o,u,t,., ,C,a,l,l, ,t,o, ,f,i,n,d, ,o,u,t,.
O,k,a,y,",", ,t,h,a,n,k, ,y,o,u
F,E,M,A, ,a,t, ,V,a,l,e,n,c,i,a, ,W,e,s,t,., , ,B,u,t, ,t,h,e,y, ,o,n,l,y, ,h,a,v,e, ,t,h,e,y, ,1, ,d,o,s,e, ,s,h,a,t,t,e,r,s, ,t,h,i,n,g, ,i,n, ,t,h,e, ,m,o,r,n,i,n,g,",", ,s,o, ,g,e,t, ,t,h,e,r,e, ,e,a,r,l,y,., ,T,h,e, ,p,e,o,p,l,e, ,I, ,k,n,o,w, ,t,h,a,t, ,g,o,t, ,i,t, ,w,e,n,t, ,b,e,f,o,r,e, ,8,a,m,.
P,u,b,l,i,x, ,h,a,s, ,s,i,g,n,u,p,s, ,M,o,n,d,a,y,",", ,W,e,d,n,e,s,d,a,y,",", ,a,n,d, ,F,r,i,d,a,y, ,m,o,r,n,i,n,g,s, ,a,t, ,7,., , ,M,o,n,d,a,y, ,a,m,d, ,F,r,i,d,a,y, ,s,i,g,n, ,u,p,s, ,g,e,t, ,m,o,d,e,r,n,a,",", ,W,e,d,n,e,s,d,a,y, ,s,i,g,n, ,u,p,s, ,g,e,t, ,J,&,J,., , ,W,h,i,c,h, ,I, ,g,o,t, ,y,e,s,t,e,r,d,a,y, ,a,n,d, ,s,o, ,f,a,r, ,n,o, ,s,i,d,e, ,e,f,f,e,c,t,s
T,h,a,n,k,s,!
I, ,d,o,n,',t, ,k,n,o,w, ,d,e,t,a,i,l,s,",", ,b,u,t, ,s,o,m,e, ,m,e,d,i,c,a,l,l,y, ,e,l,i,g,i,b,l,e, ,p,e,o,p,l,e, ,c,a,n, ,o,n,l,y, ,g,e,t, ,s,h,o,t,s, ,f,r,o,m, ,m,e,d,i,c,a,l, ,p,r,o,f,e,s,s,i,o,n,a,l,s,., ,T,h,e, ,F,E,M,A, ,s,i,t,e,s, ,d,o,n,',t, ,a,l,w,a,y,s, ,h,a,v,e, ,q,u,a,l,i,f,i,e,d, ,p,e,o,p,l,e, ,a,v,a,i,l,a,b,l,e, ,t,o, ,a,d,m,i,n,i,s,t,e,r,.
A,l,s,o,",", ,h,a,v,e, ,y,o,u, ,l,o,o,k,e,d, ,a,t, ,t,h,e, ,e,f,f,e,c,t,i,v,e,n,e,s,s, ,o,f, ,t,h,e, ,s,h,o,t,s,?, ,M,o,s,t, ,p,e,o,p,l,e, ,w,h,o, ,a,r,e, ,m,e,d,i,c,a,l,l,y, ,e,l,i,g,i,b,l,e, ,g,o, ,f,o,r, ,t,h,e, ,p,f,i,z,e,r, ,b,e,c,a,u,s,e, ,i,t,',s, ,n,e,a,r,l,y, ,9,5,%, ,e,f,f,e,c,t,i,v,e, ,w,h,i,l,e, ,j,j, ,i,s, ,o,n,l,y, ,a,b,o,u,t, ,6,5,%,.
I,',m, ,s,e,c,o,n,d,i,n,g, ,a,l,l, ,t,h,e, ,F,E,M,A, ,r,e,c,o,m,m,e,n,d,a,t,i,o,n,s,., ,I, ,j,u,s,t, ,w,a,n,t, ,t,o, ,m,a,k,e, ,s,u,r,e, ,y,o,u, ,h,a,v,e, ,a,l,l, ,t,h,e, ,i,n,f,o, ,b,e,f,o,r,e, ,y,o,u, ,c,h,o,o,s,e,.
T,h,a,n,k, ,y,o,u, ,s,o, ,m,u,c,h,., ,I, ,r,e,a,l,l,y, ,a,p,p,r,e,c,i,a,t,e, ,t,h,a,t, ,i,n,f,o,r,m,a,t,i,o,n,.
.,.,.,.,a,n,d, ,h,e,r,e, ,I, ,a,m, ,h,o,p,i,n,g, ,f,o,r, ,a,n,y, ,v,a,c,c,i,n,e, ,w,h,i,l,e, ,O,P, ,n,e,e,d,s, ,t,o, ,c,h,o,o,s,e, ,a, ,p,a,r,t,i,c,u,l,a,r, ,b,r,a,n,d,., ,C,r,a,y,-,C,r,a,y,.
I, ,u,n,d,e,r,s,t,a,n,d, ,w,h,e,r,e, ,y,o,u, ,a,r,e, ,c,o,m,i,n,g, ,f,r,o,m,",", ,t,h,i,n,k,i,n,g, ,I,’,m, ,s,o,m,e, ,a,s,s,h,o,l,e, ,b,e,i,n,g, ,p,i,c,k,y,., ,T,h,a,t,’,s, ,a, ,f,a,i,r, ,a,s,s,u,m,p,t,i,o,n,",", ,I, ,t,h,i,n,k,.
T,h,e, ,o,n,l,y, ,r,e,a,s,o,n, ,I,’,m, ,h,o,p,i,n,g, ,t,o, ,g,e,t, ,a, ,J,o,h,n,s,o,n, ,a,n,d, ,J,o,h,n,s,o,n, ,i,s, ,b,e,c,a,u,s,e, ,i,t, ,i,s, ,o,n,e, ,a,n,d, ,d,o,n,e,., ,I, ,h,a,v,e, ,q,u,i,t,e, ,l,i,t,e,r,a,l,l,y, ,b,e,e,n, ,s,h,e,l,t,e,r,e,d, ,f,o,r, ,a,n, ,e,n,t,i,r,e, ,y,e,a,r, ,a,n,d, ,u,n,f,o,r,t,u,n,a,t,e,l,y, ,m,y, ,e,x,-,h,u,s,b,a,n,d, ,-, ,w,h,o, ,k,n,o,w,s, ,I,’,m, ,o,n, ,i,m,m,u,n,e, ,s,y,s,t,e,m, ,s,u,p,p,r,e,s,s,i,o,n, ,t,h,e,r,a,p,y, ,a,n,d, ,t,r,y,i,n,g, ,n,o,t, ,t,o, ,d,i,e,-, , ,i,s, ,a,b,s,o,l,u,t,e,l,y, ,i,n,s,i,s,t,i,n,g, ,t,h,a,t, ,h,e,’,s, ,g,o,i,n,g, ,t,o, ,c,o,m,e, ,a,l,l, ,t,h,e, ,w,a,y, ,a,c,r,o,s,s, ,t,h,e, ,c,o,u,n,t,r,y, ,t,o, ,s,e,e, ,o,u,r, ,m,i,n,o,r, ,c,h,i,l,d, ,h,e, ,h,a,s, ,n,o,t, ,s,e,e,n, ,i,n, ,3, ,d,a,m,n, ,y,e,a,r,s, ,n,e,x,t, ,w,e,e,k,., ,H,e, ,r,e,f,u,s,e,s, ,t,o, ,w,a,i,t, ,u,n,t,i,l, ,I,’,m, ,v,a,c,c,i,n,a,t,e,d, ,w,i,t,h, ,b,o,t,h, ,s,h,o,t,s,., ,I,’,m, ,p,r,a,y,i,n,g, ,I, ,g,e,t, ,t,h,e, ,o,n,e, ,a,n,d, ,d,o,n,e, ,b,e,c,a,u,s,e, ,I, ,t,h,i,n,k, ,h,e, ,h,a,s, ,i,l,l, ,i,n,t,e,n,t,i,o,n,s,.
I,’,m, ,j,u,s,t, ,t,r,y,i,n,g, ,t,o, ,g,e,t, ,s,a,f,e, ,a,s, ,s,o,o,n, ,a,s, ,p,o,s,s,i,b,l,e,.
I, ,c,o,m,p,l,e,t,e,l,y, ,u,n,d,e,r,s,t,a,n,d,., ,G,o,o,d, ,l,u,c,k,!, ,I, ,h,o,p,e, ,t,h,a,t, ,s,h,e, ,c,a,n, ,g,e,t, ,i,t, ,s,o,o,n,.
P,e,o,p,l,e, ,w,h,o, ,g,o,t, ,t,h,e, ,J,o,h,n,s,o,n, ,a,n,d, ,J,o,h,n,s,o,n, ,v,a,c,c,i,n,e,",", ,c,a,n, ,y,o,u, ,a,d,v,i,s,e, ,o,n, ,y,o,u,r, ,i,m,m,e,d,i,a,t,e,",", ,d,a,y,-,o,f,",", ,a,n,d, ,n,e,x,t, ,d,a,y, ,s,i,d,e, ,e,f,f,e,c,t,s,?, ,T,h,a,n,k, ,y,o,u
6, ,h,o,u,r,s, ,a,f,t,e,r, ,t,h,e, ,s,h,o,t, ,(,4,p,m,-,1,0,p,m, ,y,e,s,t,e,r,d,a,y,), ,I, ,s,t,a,r,t,e,d, ,h,a,v,i,n,g, ,b,a,d, ,c,h,i,l,l,s,",", ,f,e,v,e,r,",", ,a,n,d, ,s,o,r,e,n,e,s,s,., , ,F,e,v,e,r, ,g,o,t, ,t,o, ,1,0,1,.,3, ,d,e,g, ,F,., , ,T,o,d,a,y,",", ,e,x,a,c,t,l,y, ,2,4, ,h,o,u,r,s, ,l,a,t,e,r,:, ,s,t,i,l,l, ,s,o,r,e, ,a,n,d, ,w,i,t,h, ,c,h,i,l,l,s,",", ,f,e,v,e,r, ,i,s, ,1,0,1,.,4,., , ,W,a,s, ,l,o,w,e,r, ,e,a,r,l,i,e,r,",", ,a,r,o,u,n,d, ,1,0,0,., , ,O,v,e,r,a,l,l, ,b,e,a,r,a,b,l,e,",", ,b,u,t, ,n,o,t, ,p,l,e,a,s,a,n,t, ,a,t, ,a,l,l,., , ,I,',m, ,h,o,p,i,n,g, ,I, ,g,e,t, ,b,e,t,t,e,r, ,s,o,o,n,e,r, ,r,a,t,h,e,r, ,t,h,a,n, ,l,a,t,e,r,., , ,I,',m, ,g,l,a,d, ,I, ,g,o,t, ,i,t,",", ,a,n,d, ,f,o,r, ,w,h,a,t, ,i,t,',s, ,w,o,r,t,h, ,I, ,t,e,n,d, ,t,o, ,b,e, ,s,e,n,s,i,t,i,v,e, ,t,o, ,m,e,d,i,c,a,t,i,o,n,s,.
T,h,i,s, ,i,s, ,m,e,., ,G,o,t, ,i,t, ,a,t, ,4, ,p,m, ,y,e,s,t,e,r,d,a,y,., ,C,a,m,e, ,h,o,m,e,",", ,w,o,r,k,e,d, ,o,u,t,",", ,w,a,s, ,f,i,n,e,., ,2,:,3,0, ,a,m, ,I, ,w,o,k,e, ,u,p, ,s,h,a,k,i,n,g, ,f,r,o,m, ,b,e,i,n,g, ,s,o, ,c,o,l,d,",", ,e,l,e,v,a,t,e,d, ,h,e,a,r,t, ,r,a,t,e, ,a,n,d, ,f,e,v,e,r,., ,T,o,o,k, ,T,y,l,e,n,o,l,",", ,f,e,v,e,r, ,b,r,o,k,e,., ,S,t,i,l,l, ,f,e,l,t, ,l,i,k,e, ,c,r,a,p, ,a,r,o,u,n,d, ,7, ,w,h,e,n, ,I, ,w,o,k,e, ,u,p, ,a,n,d, ,t,o,o, ,i,b,u,p,r,o,f,e,n,., ,T,h,e,n, ,m,i,r,a,c,u,l,o,u,s,l,y, ,f,e,l,t, ,b,e,t,t,e,r,",", ,j,u,s,t, ,t,i,r,e,d,., ,T,h,a,t, ,w,a,s, ,u,n,t,i,l, ,3,., ,F,e,v,e,r,s, ,b,a,c,k,., ,1,0,1,.,5,., ,F,e,e,l, ,l,i,k,e, ,s,h,i,t,., ,H,o,p,e, ,t,h,i,s, ,i,s, ,t,h,e, ,w,o,r,s,t, ,o,f, ,i,t,.
S,i,m,i,l,a,r, ,f,o,r, ,m,e,., ,G,o,t, ,i,t, ,a,l,m,o,s,t, ,2,4, ,h,o,u,r,s, ,a,g,o, ,n,o,w,., ,A,t, ,6, ,h,o,u,r,s, ,a,f,t,e,r, ,s,t,a,r,t,e,d, ,f,e,e,l,i,n,g, ,a,c,h,y, ,a,n,d, ,s,t,i,f,f,., ,F,e,v,e,r, ,h,a,s, ,r,a,n,g,e,d, ,f,r,o,m, ,9,9,-,1,0,0,.,5, ,s,o, ,f,a,r, ,(,s,t,i,l,l, ,a,t, ,1,0,0, ,t,h,i,s, ,A,M,),., ,L,i,k,e, ,y,o,u, ,s,a,i,d,",", ,o,v,e,r,a,l,l, ,b,e,a,r,a,b,l,e, ,b,u,t, ,u,n,c,o,m,f,o,r,t,a,b,l,e,.
A,r,m, ,i,s, ,t,e,n,d,e,r, ,b,u,t, ,n,o,t, ,t,o,o, ,s,o,r,e, ,(,I, ,s,l,e,p,t, ,o,n, ,i,t, ,f,i,n,e,), ,a,n,d, ,i,b,u,p,r,o,f,e,n, ,h,e,l,p,s,., ,I, ,d,o,n,’,t, ,h,a,v,e, ,a,n,y, ,a,p,p,e,t,i,t,e,",", ,e,i,t,h,e,r,!
u,p,d,a,t,e, ,4,2, ,h,o,u,r,s, ,l,a,t,e,r,:, , ,F,e,v,e,r, ,i,s, ,g,o,n,e,",", ,l,i,n,g,e,r,i,n,g, ,h,e,a,d,a,c,h,e, ,a,n,d, ,b,o,d,y,a,c,h,e,s, ,(,b,e,t,t,e,r, ,t,h,a,n, ,b,e,f,o,r,e, ,t,h,o,u,g,h,),",", ,a,n,d, ,g,e,n,e,r,a,l, ,f,a,t,i,g,u,e,., , ,O,v,e,r,a,l,l, ,I, ,f,e,e,l, ,m,u,c,h, ,b,e,t,t,e,r,.
T,h,a,n,k,s, ,a,l,l, ,f,o,r, ,t,h,e, ,r,e,s,p,o,n,s,e,s, ,s,o, ,f,a,r,",", ,t,h,i,s, ,i,s, ,h,e,l,p,f,u,l, ,i,n,f,o,r,m,a,t,i,o,n, ,a,n,d, ,I, ,r,e,a,l,l,y, ,a,p,p,r,e,c,i,a,t,e, ,i,t,!, ,I,’,m, ,s,c,h,e,d,u,l,e,d, ,f,o,r, ,T,u,e,s,d,a,y, ,b,u,t, ,h,a,v,e, ,a, ,f,i,e,l,d, ,v,i,s,i,t, ,t,h,e, ,n,e,x,t, ,d,a,y, ,f,o,r, ,w,o,r,k,., ,I, ,n,e,e,d, ,t,o, ,b,e, ,1,0,0,%, ,f,o,r, ,t,h,a,t, ,a,n,d, ,n,o,t, ,s,u,r,e, ,h,o,w, ,I,’,l,l, ,r,e,a,c,t, ,t,o, ,t,h,e, ,v,a,c,c,i,n,e,",", ,s,o, ,I,’,l,l, ,p,r,o,b,a,b,l,y, ,c,a,n,c,e,l,.
E,d,i,t,:, ,C,a,n,c,e,l,l,e,d, ,m,y, ,a,p,p,o,i,n,t,m,e,n,t,",", ,s,e,e,m,s, ,l,i,k,e, ,m,o,s,t, ,p,e,o,p,l,e, ,h,a,v,e, ,b,e,e,n, ,g,e,t,t,i,n,g, ,r,e,a,c,t,i,o,n,s, ,o,n,e, ,w,a,y, ,o,r, ,a,n,o,t,h,e,r, ,s,o, ,t,o,o, ,m,u,c,h, ,o,f, ,a, ,r,i,s,k, ,f,o,r, ,m,e,., ,S,u,c,k,s, ,t,h,a,t, ,I, ,h,a,v,e, ,t,o, ,c,h,o,o,s,e, ,b,e,t,w,e,e,n, ,g,e,t,t,i,n,g, ,v,a,c,c,i,n,a,t,e,d, ,a,n,d, ,w,o,r,k, ,o,b,l,i,g,a,t,i,o,n,s,",", ,h,a,r,d, ,t,o, ,l,a,n,d, ,a,n, ,a,p,p,o,i,n,t,m,e,n,t, ,h,e,r,e, ,i,n, ,N,J,!
Y,o,u,',r,e, ,g,o,i,n,g, ,t,o, ,h,a,v,e, ,r,e,a,c,t,i,o,n,s, ,f,r,o,m, ,a,l,l, ,t,h,e, ,v,a,c,c,i,n,e,s,., ,O,n,e, ,o,f, ,t,h,e, ,m,a,i,n, ,r,e,a,s,o,n,s, ,f,o,r, ,r,e,a,c,t,i,o,n,s, ,w,i,t,h, ,t,h,e, ,J,&,J, ,i,s, ,b,e,c,a,u,s,e, ,i,t,',s, ,a,n, ,a,d,e,n,o,v,i,r,u,s, ,v,a,c,c,i,n,e,",", ,v,e,r,s,u,s, ,m,R,N,A, ,s,u,c,h, ,a,s, ,M,o,d,e,r,n,a, ,a,n,d, ,P,f,i,z,e,r,., ,A,n,d, ,a,l,l,",", ,t,h,e, ,J,&,J, ,i,s, ,a, ,s,i,n,g,l,e, ,h,i,g,h,e,r, ,d,o,s,e, ,v,e,r,s,u,s, ,t,w,o, ,i,n,j,e,c,t,i,o,n,s,., ,D,o,n,',t, ,r,e,a,d, ,t,o,o, ,m,u,c,h, ,i,n,t,o, ,p,e,o,p,l,e,',s, ,s,i,d,e, ,e,f,f,e,c,t,s, ,b,e,c,a,u,s,e, ,y,o,u,',l,l, ,g,o, ,d,o,w,n, ,a, ,c,r,a,z,y, ,r,a,b,b,i,t, ,h,o,l,e,., ,I, ,g,o,t, ,t,h,e, ,J,&,J, ,v,a,c,c,i,n,e, ,t,w,o, ,d,a,y,s, ,a,g,o,., ,I,',l,l, ,g,l,a,d,l,y, ,t,a,k,e, ,t,h,i,s, ,a,r,m, ,p,a,i,n, ,a,n,d, ,r,a,n,d,o,m, ,l,i,g,h,t,h,e,a,d,e,d,n,e,s,s, ,a,n,y,w,a,y, ,o,v,e,r, ,a,n,y, ,o,f, ,t,h,e, ,c,o,v,i,d, ,s,i,d,e, ,e,f,f,e,c,t,s,",", ,o,r, ,t,h,e, ,p,o,t,e,n,t,i,a,l, ,o,f, ,d,y,i,n,g, ,f,r,o,m, ,C,o,v,i,d,., ,G,e,t, ,v,a,c,c,i,n,a,t,e,d,.
F,e,v,e,r,",", ,c,h,i,l,l,s, ,a,n,d, ,e,x,h,a,u,s,t,i,o,n, ,w,i,t,h,i,n, ,1,2, ,h,o,u,r,s,.
3,6, ,h,o,u,r,s, ,l,a,t,e,r,",", ,s,e,v,e,r,e, ,e,x,h,a,u,s,t,i,o,n, ,a,n,d, ,b,a,d, ,s,o,r,e, ,t,h,r,o,a,t,.
