A,l,s,o,",", ,I, ,h,a,d, ,t,o, ,d,r,i,v,e, ,t,w,o, ,h,o,u,r,s, ,a,w,a,y, ,t,o, ,a, ,W,a,l,m,a,r,t, ,p,h,a,r,m,a,c,y, ,i,n, ,a, ,v,e,r,y, ,r,u,r,a,l, ,a,r,e,a, ,i,n, ,t,h,e, ,m,i,d,d,l,e, ,o,f, ,m,y, ,s,t,a,t,e, ,w,h,e,r,e, ,a,b,o,u,t, ,h,a,l,f, ,t,h,e, ,p,e,o,p,l,e, ,i,n, ,t,h,e, ,s,t,o,r,e, ,w,e,r,e,n,',t, ,w,e,a,r,i,n,g, ,m,a,s,k,s,., ,T,h,a,t, ,w,a,s, ,a, ,r,e,a,l, ,s,h,o,c,k,e,r,.
B,u,t, ,m,o,s,t,l,y,",", ,I, ,g,o,t, ,t,i,r,e,d, ,o,f, ,f,e,n,d,i,n,g, ,o,f,f, ,t,h,e, ,q,u,e,s,t,i,o,n,s, ,f,r,o,m, ,e,v,e,r,y, ,s,i,n,g,l,e, ,p,e,r,s,o,n, ,i,n, ,m,y, ,f,a,m,i,l,y,",", ,a,s, ,w,e,l,l, ,a,s, ,m,y, ,O,B,-,G,Y,N,",", ,a,s, ,w,e,l,l, ,a,s, ,t,h,e, ,p,e,o,p,l,e, ,a,t, ,t,h,e, ,p,h,a,r,m,a,c,y,",", ,w,h,o, ,a,l,l, ,a,c,t,e,d, ,s,o, ,s,u,r,p,r,i,s,e,d, ,w,h,e,n, ,I, ,s,a,i,d, ,I, ,w,a,n,t,e,d, ,t,o, ,g,e,t, ,t,h,e, ,C,O,V,I,D,-,1,9, ,v,a,c,c,i,n,e,., ,E,v,e,n, ,t,h,e, ,p,h,a,r,m,a,c,i,s,t, ,b,a,s,i,c,a,l,l,y, ,i,n,t,e,r,r,o,g,a,t,e,d, ,m,e, ,a,t, ,t,h,e, ,l,a,s,t, ,m,i,n,u,t,e, ,a,n,d, ,s,a,i,d,",", ,"""",A,r,e, ,y,o,u, ,s,u,r,e, ,y,o,u, ,w,a,n,t, ,t,o, ,d,o, ,t,h,i,s,?,"""", ,A,n,d, ,I, ,s,a,i,d, ,s,o,m,e,t,h,i,n,g, ,p,o,l,i,t,e,l,y, ,a,l,o,n,g, ,t,h,e, ,l,i,n,e,s, ,o,f,",", ,"""",Y,E,S,., ,G,I,V,E, ,M,E, ,T,H,E, ,D,A,M,N, ,V,A,C,C,I,N,E,.,"""", ,T,h,e,y, ,a,c,t, ,l,i,k,e, ,I,',m, ,d,r,i,n,k,i,n,g, ,a, ,s,h,o,t, ,o,f, ,p,l,u,t,o,n,i,u,m,",", ,f,o,r, ,c,r,y,i,n,g, ,o,u,t, ,l,o,u,d,.
(,M,y, ,O,B, ,w,a,s, ,n,o,t, ,n,e,c,e,s,s,a,r,i,l,y, ,d,i,s,c,o,u,r,a,g,i,n,g, ,m,e, ,s,o, ,m,u,c,h,",", ,a,s, ,s,h,e, ,w,a,s, ,v,e,r,y, ,c,l,e,a,r,l,y, ,w,o,r,r,i,e,d, ,a,b,o,u,t, ,l,i,a,b,i,l,i,t,y, ,a,n,d, ,k,e,p,t, ,r,e,p,e,a,t,i,n,g,",", ,"""",I, ,a,m, ,n,e,i,t,h,e,r, ,d,i,s,c,o,u,r,a,g,i,n,g, ,n,o,r, ,e,n,c,o,u,r,a,g,i,n,g, ,y,o,u, ,t,o, ,g,e,t, ,t,h,e, ,v,a,c,c,i,n,e,., ,T,h,a,t,',s, ,u,p, ,t,o, ,y,o,u,.,"""", ,F,o,l,l,o,w,e,d, ,b,y, ,r,e,p,e,t,i,t,i,o,n,s, ,t,h,a,t, ,t,h,e,r,e, ,i,s, ,n,o, ,d,a,t,a, ,a,b,o,u,t, ,i,t,s, ,e,f,f,e,c,t,s, ,p,r,e,g,n,a,n,c,y,",", ,w,h,i,c,h, ,i,s, ,n,o,t, ,e,x,a,c,t,l,y, ,t,r,u,e,.,)
I, ,s,a,i,d, ,t,o, ,m,y, ,h,u,s,b,a,n,d, ,t,h,a,t, ,e,v,e,n, ,i,f, ,I, ,d,i,d, ,g,e,t, ,a, ,b,a,d, ,r,e,a,c,t,i,o,n, ,t,o, ,t,h,e, ,v,a,c,c,i,n,e,-,-,e,v,e,n, ,i,f, ,I, ,d,i,d, ,m,i,s,c,a,r,r,y, ,a,s, ,a, ,r,e,s,u,l,t, ,o,f, ,i,t,-,-,t,h,a,t, ,I, ,c,o,m,e, ,f,r,o,m, ,t,h,e, ,s,c,h,o,o,l, ,o,f, ,p,h,i,l,o,s,o,p,h,y, ,w,h,i,c,h, ,s,a,y,s, ,t,h,e, ,m,o,t,h,e,r,',s, ,l,i,f,e, ,i,s, ,s,t,i,l,l, ,m,o,r,e, ,i,m,p,o,r,t,a,n,t,., ,M,y, ,n,e,w, ,m,a,n,t,r,a, ,i,s,",", ,"""",M,y, ,l,i,f,e, ,m,a,t,t,e,r,s, ,t,o,o,., ,I,t, ,m,a,t,t,e,r,s, ,j,u,s,t, ,a,s, ,m,u,c,h, ,i,f, ,n,o,t, ,m,o,r,e, ,t,h,a,n, ,t,h,i,s, ,u,n,b,o,r,n, ,b,a,b,y,',s,.,"""", ,W,h,a,t, ,I,',v,e, ,l,e,a,r,n,e,d, ,i,s, ,t,h,a,t, ,I,',m, ,i,n, ,a, ,p,a,r,t, ,o,f, ,t,h,e, ,c,o,u,n,t,r,y, ,(,i,n, ,t,h,e, ,U,S,), ,w,h,e,r,e, ,t,h,i,s, ,i,s, ,s,o,m,e,h,o,w, ,a, ,c,o,n,t,r,o,v,e,r,s,i,a,l, ,b,e,l,i,e,f,.
(,I,t, ,s,h,o,u,l,d, ,g,o, ,w,i,t,h,o,u,t, ,s,a,y,i,n,g, ,t,h,a,t, ,I, ,c,a,r,e, ,a,b,o,u,t, ,m,y, ,b,a,b,y,',s, ,l,i,f,e,",", ,a, ,l,o,t,., ,B,u,t, ,y,o,u, ,k,n,o,w, ,w,h,a,t, ,m,y, ,b,a,b,y, ,w,o,u,l,d,n,',t, ,l,i,k,e,?, ,I,f, ,I, ,g,o,t, ,C,O,V,I,D,-,1,9, ,a,n,d, ,h,a,d, ,t,o, ,b,e, ,i,n,t,u,b,a,t,e,d,.,)
T,h,e, ,p,h,a,r,m,a,c,i,s,t, ,e,v,e,n, ,w,a,r,n,e,d, ,m,e,",", ,"""",Y,o,u, ,m,i,g,h,t, ,g,e,t, ,a, ,f,e,v,e,r, ,f,r,o,m, ,t,h,e, ,v,a,c,c,i,n,e,., ,W,e, ,n,o,r,m,a,l,l,y, ,d,i,s,c,o,u,r,a,g,e, ,t,h,a,t, ,d,u,r,i,n,g, ,p,r,e,g,n,a,n,c,y,.,""""
T,o, ,w,h,i,c,h, ,I, ,s,a,i,d,",", ,"""",I, ,w,o,u,l,d, ,r,a,t,h,e,r, ,g,e,t, ,a, ,f,e,v,e,r, ,f,r,o,m, ,t,h,e, ,v,a,c,c,i,n,e, ,t,h,a,n, ,f,r,o,m, ,t,h,e, ,l,i,v,e, ,v,i,r,u,s,.,""""
S,h,e, ,j,u,s,t, ,s,o,r,t, ,o,f, ,l,o,o,k,e,d, ,a,t, ,m,e, ,b,l,a,n,k,l,y, ,a,n,d, ,s,a,i,d,",", ,"""",W,e,l,l,",", ,I, ,s,u,p,p,o,s,e, ,t,h,a,t,',s, ,t,r,u,e,.,""""
S,o,",", ,t,h,i,s, ,p,o,s,t, ,i,s, ,t,o, ,v,e,n,t,",", ,b,u,t, ,i,t,',s, ,a,l,s,o, ,t,o, ,l,e,n,d, ,s,u,p,p,o,r,t, ,t,o, ,a,l,l, ,y,o,u, ,p,r,e,g,n,a,n,t, ,m,a,m,a,s, ,w,h,o, ,a,r,e, ,i,n, ,t,h,e, ,s,a,m,e, ,b,o,a,t,., ,D,o,n,',t, ,l,e,t, ,p,e,o,p,l,e, ,s,h,a,m,e, ,y,o,u, ,i,n,t,o, ,t,h,i,n,k,i,n,g, ,y,o,u,',r,e, ,d,o,i,n,g, ,a, ,d,u,m,b, ,o,r, ,r,e,c,k,l,e,s,s, ,t,h,i,n,g, ,b,y, ,g,e,t,t,i,n,g, ,t,h,e, ,v,a,c,c,i,n,e,., ,R,e,m,e,m,b,e,r,",", ,y,o,u,r, ,l,i,f,e, ,m,a,t,t,e,r,s, ,t,o,o,., ,A,n,d, ,i,f, ,y,o,u,',r,e, ,n,o,t, ,r,e,a,d,y,?, ,T,h,a,t,',s, ,a,l,s,o, ,y,o,u,r, ,c,h,o,i,c,e,., ,D,o, ,y,o,u,r, ,r,e,s,e,a,r,c,h,",", ,f,o,l,l,o,w, ,y,o,u,r, ,g,u,t,",", ,a,n,d, ,d,o,n,',t, ,l,e,t, ,a,n,y,b,o,d,y, ,m,a,k,e, ,y,o,u, ,f,e,e,l, ,b,a,d, ,w,h,e,n, ,y,o,u, ,m,a,k,e, ,y,o,u,r, ,d,e,c,i,s,i,o,n,.
T,h,e, ,A,m,e,r,i,c,a,n, ,C,o,l,l,e,g,e, ,o,f, ,O,b,s,t,e,t,r,i,c,i,a,n,s, ,a,n,d, ,G,y,n,e,c,o,l,o,g,i,s,t,s, ,s,e,e,s, ,n,o, ,r,e,a,s,o,n, ,t,o, ,d,e,n,y, ,t,h,e, ,v,a,c,c,i,n,e, ,f,r,o,m, ,p,r,e,g,n,a,n,t, ,w,o,m,e,n, ,-, ,m,e,a,n,i,n,g,",", ,t,h,e,y, ,s,e,e, ,n,o, ,s,i,g,n,i,f,i,c,a,n,t, ,s,a,f,e,t,y, ,i,s,s,u,e, ,w,i,t,h, ,v,a,c,c,i,n,a,t,i,n,g, ,p,r,e,g,n,a,n,t, ,w,o,m,e,n,., ,B,e,f,o,r,e, ,C,O,V,I,D,",", ,w,o,m,e,n, ,h,a,v,e, ,b,e,e,n, ,r,e,c,o,m,m,e,n,d,e,d, ,t,o, ,o,t,h,e,r, ,v,a,c,c,i,n,e,s, ,-, ,t,h,e, ,C,O,V,I,D, ,v,a,c,c,i,n,e, ,i,s, ,r,e,a,l,l,y, ,n,o, ,d,i,f,f,e,r,e,n,t, ,o,t,h,e,r, ,t,h,a,n, ,i,t,',s, ,a,n, ,i,n,n,o,v,a,t,i,v,e, ,m,e,c,h,a,n,i,s,m,., ,T,h,e,r,e,',s, ,n,o, ,r,e,a,s,o,n, ,t,o, ,s,u,s,p,e,c,t, ,t,h,a,t, ,t,h,e, ,C,O,V,I,D, ,v,a,c,c,i,n,e, ,w,i,t,h, ,p,o,s,e, ,a, ,d,a,n,g,e,r,/,r,i,s,k, ,a,n,y, ,d,i,f,f,e,r,e,n,t, ,t,h,a,n, ,t,h,e, ,o,t,h,e,r, ,v,a,c,c,i,n,e,s, ,r,e,c,o,m,m,e,n,d,e,d, ,f,o,r, ,e,x,p,e,c,t,i,n,g, ,m,o,m,s,.
B,u,t, ,t,h,e,r,e, ,h,a,s, ,b,e,e,n, ,q,u,i,t,e, ,a, ,b,i,t, ,o,f, ,r,e,a,s,o,n, ,t,o, ,p,r,e,v,e,n,t, ,C,O,V,I,D, ,i,n, ,p,r,e,g,n,a,n,t, ,w,o,m,e,n, ,-, ,i,t, ,c,a,n, ,c,a,u,s,e, ,m,o,r,e, ,s,e,v,e,r,e, ,i,l,l,n,e,s,s, ,f,o,r, ,t,h,e, ,m,o,t,h,e,r,., ,S,o, ,i,f, ,i,t,',s, ,a,b,o,u,t, ,s,a,f,e,t,y, ,-, ,i,t, ,i,s, ,l,o,g,i,c,a,l,l,y, ,m,o,r,e, ,s,a,f,e, ,t,o, ,d,e,a,l, ,w,i,t,h, ,a,n,y, ,s,i,d,e, ,e,f,f,e,c,t,s, ,f,r,o,m, ,t,h,e, ,v,a,c,c,i,n,e, ,t,h,a,n, ,g,e,t,t,i,n,g, ,C,O,V,I,D,.
I, ,w,o,r,k, ,i,n, ,a, ,h,o,s,p,i,t,a,l, ,a,n,d, ,r,e,v,i,e,w, ,c,h,a,r,t,s,., ,I,',v,e, ,s,e,e,n, ,s,e,v,e,r,a,l, ,w,o,m,e,n, ,c,o,m,e, ,i,n, ,w,i,t,h, ,C,O,V,I,D,",", ,g,o, ,i,n,t,o, ,r,e,s,p,i,r,a,t,o,r,y, ,f,a,i,l,u,r,e,",", ,g,e,t, ,p,l,a,c,e,d, ,o,n, ,a, ,v,e,n,t,i,l,a,t,o,r,",", ,a,n,d, ,t,h,e, ,b,a,b,y, ,h,a,d, ,t,o, ,b,e, ,d,e,l,i,v,e,r,e,d, ,w,h,i,l,e, ,t,h,e, ,m,o,t,h,e,r, ,w,a,s, ,c,r,i,t,i,c,a,l,l,y, ,i,l,l,., ,I, ,w,o,u,l,d, ,t,a,k,e, ,t,h,e, ,s,o,r,e, ,a,r,m,",", ,f,e,v,e,r,",", ,a,n,d, ,n,a,u,s,e,a, ,I, ,g,o,t, ,f,r,o,m, ,m,y, ,v,a,c,c,i,n,e, ,o,v,e,r, ,t,h,a,t, ,s,c,e,n,a,r,i,o, ,1,0,0,x, ,o,v,e,r,.
M,y, ,a,u,n,t, ,i,s, ,a,n, ,O,B, ,a,n,d, ,w,a,s, ,s,h,a,r,i,n,g, ,t,h,e,s,e, ,s,t,o,r,i,e,s, ,e,a,r,l,y, ,o,n, ,t,o, ,t,r,y, ,t,o, ,i,n,s,p,i,r,e, ,t,h,e, ,n,u,t,t,i,e,r, ,p,a,r,t,s, ,o,f, ,o,u,r, ,f,a,m,i,l,y, ,t,o, ,b,e, ,c,a,r,e,f,u,l,., ,A,n,d, ,t,h,e,n, ,I, ,h,a,d, ,a, ,p,e,r,s,o,n,a,l, ,f,r,i,e,n,d, ,h,a,v,e, ,t,o, ,d,e,l,i,v,e,r, ,p,r,e,-,t,e,r,m, ,t,o, ,g,e,t, ,i,n,t,u,b,a,t,e,d,., ,S,h,e, ,p,a,s,s,e,d, ,a,w,a,y, ,o,n, ,t,h,e, ,v,e,n,t, ,(,a,f,t,e,r, ,c,o,d,i,n,g, ,a,n,d, ,b,e,i,n,g, ,r,e,v,i,v,e,d, ,m,u,l,t,i,p,l,e, ,t,i,m,e,s,),., ,S,h,e, ,n,e,v,e,r, ,m,e,t, ,h,e,r, ,d,a,u,g,h,t,e,r,., ,I,t,',s, ,s,e,r,i,o,u,s,l,y, ,t,h,e, ,m,o,s,t, ,s,o,u,l, ,c,r,u,s,h,i,n,g, ,t,h,i,n,g, ,I, ,c,a,n, ,i,m,a,g,i,n,e,.
T,h,i,s, ,i,s, ,s,u,c,h, ,a,n, ,a,w,f,u,l, ,s,t,o,r,y,., ,O,h, ,m,y, ,g,o,o,d,n,e,s,s,., ,I,t, ,m,a,k,e,s, ,m,e, ,s,o, ,s,a,d, ,a,n,d, ,a,n,g,r,y, ,a,t, ,t,h,e, ,s,a,m,e, ,t,i,m,e,., ,I,',m, ,s,o,r,r,y, ,f,o,r, ,y,o,u,r, ,l,o,s,s,., ,:,(
T,h,a,n,k,s, ,f,o,r, ,s,h,a,r,i,n,g, ,t,h,i,s,.
H,o,n,e,s,t,l,y,",", ,t,h,e, ,p,e,r,s,o,n, ,w,h,o, ,s,u,r,p,r,i,s,e,d, ,m,e, ,m,o,s,t, ,o,f, ,a,l,l, ,w,a,s, ,m,y, ,O,B,-,G,Y,N,., ,S,h,e, ,s,e,e,m,e,d, ,t,o, ,s,o,r,t, ,o,f, ,l,i,k,e, ,t,h,e, ,i,d,e,a, ,o,f, ,m,e, ,g,e,t,t,i,n,g, ,v,a,c,c,i,n,a,t,e,d, ,w,h,e,n, ,w,e, ,d,i,s,c,u,s,s,e,d, ,i,t, ,i,n, ,p,e,r,s,o,n,",", ,b,u,t, ,w,h,e,n, ,I, ,m,e,s,s,a,g,e,d, ,h,e,r, ,n,u,r,s,e, ,t,o, ,g,e,t, ,a, ,d,o,c,t,o,r,',s, ,n,o,t,e, ,(,t,o, ,b,r,i,n,g, ,w,i,t,h, ,m,e, ,t,h,e, ,v,a,c,c,i,n,e, ,a,p,p,o,i,n,t,m,e,n,t,;, ,i,n, ,c,a,s,e, ,I, ,h,a,d, ,t,o, ,s,h,o,w, ,p,r,o,o,f, ,o,f, ,m,y, ,c,o,n,d,i,t,i,o,n, ,t,o, ,m,e,e,t, ,t,h,e, ,s,t,a,t,e, ,r,e,q,u,i,r,e,m,e,n,t,s,), ,s,h,e, ,c,a,m,e, ,b,a,c,k, ,w,i,t,h, ,t,h,i,s, ,s,t,r,a,n,g,e, ,n,o,n,c,o,m,m,i,t,t,a,l, ,r,e,s,p,o,n,s,e,.
T,o, ,b,e, ,t,o,l,d, ,b,y, ,t,h,e, ,p,h,a,r,m,a,c,i,s,t, ,t,o, ,b,a,s,i,c,a,l,l,y, ,"""",t,h,i,n,k, ,t,w,i,c,e,"""", ,a,b,o,u,t, ,t,h,e, ,v,a,c,c,i,n,e, ,r,i,g,h,t, ,b,e,f,o,r,e, ,g,e,t,t,i,n,g, ,j,a,b,b,e,d, ,w,h,i,l,e, ,s,u,r,r,o,u,n,d,e,d, ,b,y, ,p,e,o,p,l,e, ,i,n, ,a, ,r,u,r,a,l, ,W,a,l,m,a,r,t, ,n,o,t, ,w,e,a,r,i,n,g, ,m,a,s,k,s, ,w,a,s, ,a, ,s,u,r,r,e,a,l, ,e,x,p,e,r,i,e,n,c,e, ,f,o,r, ,s,u,r,e,.
O,h, ,m,y, ,g,o,d,",", ,t,h,a,t, ,i,s, ,s,o, ,s,a,d,., ,I, ,a,m, ,s,o,r,r,y,., ,T,h,a,t, ,i,s, ,j,u,s,t, ,a,w,f,u,l,.
H,o,n,e,s,t,l,y, ,t,h,a,t, ,w,a,s, ,t,h,e, ,r,e,s,p,o,n,s,e, ,I, ,w,a,s, ,e,x,p,e,c,t,i,n,g, ,f,r,o,m, ,m,y, ,O,B, ,w,h,e,n, ,I, ,f,i,r,s,t, ,a,s,k,e,d, ,h,e,r, ,a,t, ,m,y, ,f,i,r,s,t, ,a,p,p,o,i,n,t,m,e,n,t,., ,I,‚Äô,m, ,a,n, ,R,N,",", ,a,n,d, ,m,y, ,h,o,s,p,i,t,a,l, ,w,a,s, ,o,f,f,e,r,i,n,g, ,i,t, ,i,n, ,D,e,c,e,m,b,e,r,",", ,r,i,g,h,t, ,w,h,e,n, ,I, ,f,o,u,n,d, ,o,u,t, ,I, ,w,a,s, ,p,r,e,g,n,a,n,t,., ,I, ,w,a,i,t,e,d, ,u,n,t,i,l, ,I, ,c,o,u,l,d, ,a,s,k, ,m,y, ,o,b, ,a,t, ,m,y, ,f,i,r,s,t, ,a,p,p,t, ,i,n, ,m,i,d, ,J,a,n,u,a,r,y,",", ,a,n,d, ,w,a,s, ,e,x,p,e,c,t,i,n,g, ,h,e,r, ,t,o, ,t,e,l,l, ,m,e, ,‚Äú,w,e,l,l, ,i,t,‚Äô,s, ,y,o,u,r, ,c,h,o,i,c,e,.,.,.,‚Äù,., ,I, ,w,a,s, ,S,H,O,C,K,E,D, ,(,a,n,d, ,t,h,r,i,l,l,e,d,), ,w,h,e,n, ,s,h,e, ,w,a,s, ,a,d,a,m,a,n,t,l,y, ,f,o,r, ,m,e, ,g,e,t,t,i,n,g, ,i,t,",", ,g,i,v,e,n, ,m,y, ,e,x,p,o,s,u,r,e, ,r,i,s,k, ,a,s, ,a, ,n,u,r,s,e,",", ,a,n,d, ,i,n,c,r,e,a,s,e,d, ,r,i,s,k, ,f,a,c,t,o,r,s, ,w,i,t,h, ,a,s,t,h,m,a, ,a,n,d, ,n,o,w, ,p,r,e,g,n,a,n,c,y,., ,I, ,g,o,t, ,m,y, ,f,i,r,s,t, ,d,o,s,e, ,a,t, ,9, ,w,e,e,k,s,",", ,a,n,d, ,s,e,c,o,n,d, ,a,t, ,1,2, ,w,e,e,k,s,., ,O,t,h,e,r, ,t,h,a,n, ,s,o,m,e, ,a,r,m, ,s,o,r,e,n,e,s,s, ,a,n,d, ,d,i,z,z,i,n,e,s,s, ,a,f,t,e,r, ,t,h,e, ,s,e,c,o,n,d, ,d,o,s,e,",", ,i, ,f,e,l,t, ,t,o,t,a,l,l,y, ,n,o,r,m,a,l,!
C,o,n,g,r,a,t,s, ,o,n, ,y,o,u,r, ,v,a,c,c,i,n,a,t,i,o,n,!, ,P,e,r,s,o,n,a,l,l,y,",", ,i,t, ,h,a,s, ,m,a,d,e, ,m,e, ,f,e,e,l, ,s,o, ,m,u,c,h, ,m,o,r,e, ,c,a,l,m, ,a,n,d, ,c,o,n,f,i,d,e,n,t, ,d,u,r,i,n,g, ,t,h,e,s,e, ,c,r,a,z,y, ,t,i,m,e,s, ,t,o, ,k,n,o,w, ,I,‚Äô,v,e, ,d,o,n,e, ,t,h,e, ,m,o,s,t, ,I, ,c,a,n, ,t,o, ,p,r,o,t,e,c,t, ,m,y,s,e,l,f, ,a,n,d, ,b,a,b,y,.
H,o,w, ,l,o,n,g, ,d,i,d, ,t,h,e, ,d,i,z,z,i,n,e,s,s, ,l,a,s,t, ,a,n,d, ,w,h,e,n, ,d,i,d, ,i,t, ,s,t,a,r,t, ,a,f,t,e,r, ,g,e,t,t,i,n,g, ,t,h,e, ,2,n,d, ,d,o,s,e,?
I, ,h,a,v,e,n,',t, ,h,e,a,r,d, ,o,f, ,t,h,a,t, ,s,i,d,e, ,e,f,f,e,c,t, ,a,n,d, ,h,a,d, ,t,o, ,s,c,h,e,d,u,l,e, ,m,y, ,f,i,r,s,t, ,d,o,s,e, ,a,b,o,u,t, ,a,n, ,h,o,u,r, ,a,w,a,y,., ,I,',m, ,h,o,p,e,f,u,l, ,t,h,a,t, ,I, ,c,a,n, ,g,e,t, ,t,h,e, ,s,e,c,o,n,d, ,d,o,s,e, ,c,l,o,s,e,r,",", ,b,u,t, ,m,a,y, ,b,r,i,n,g, ,m,y, ,h,u,s,b,a,n,d, ,w,i,t,h, ,m,e, ,f,o,r, ,t,h,e, ,s,e,c,o,n,d, ,o,n,e, ,i,n, ,c,a,s,e, ,I, ,f,e,e,l, ,y,u,c,k,y,.
I,‚Äô,m, ,n,o,t, ,t,h,e, ,p,e,r,s,o,n, ,y,o,u, ,r,e,p,l,i,e,d, ,t,o,",", ,b,u,t, ,I, ,h,a,d, ,f,l,u,-,l,i,k,e, ,s,y,m,p,t,o,m,s, ,b,e,g,i,n,n,i,n,g, ,1,2, ,h,o,u,r,s, ,p,o,s,t, ,s,e,c,o,n,d, ,d,o,s,e,",", ,a,n,d, ,t,h,e,y, ,l,a,s,t,e,d, ,2,4, ,h,o,u,r,s,., ,R,i,g,h,t, ,a,f,t,e,r, ,t,h,e, ,s,h,o,t, ,I, ,f,e,l,t, ,f,i,n,e, ,e,x,c,e,p,t, ,f,o,r, ,a, ,s,o,r,e, ,a,r,m,",", ,t,h,e,n, ,t,h,e, ,d,a,y, ,a,f,t,e,r, ,t,h,e, ,s,h,o,t, ,I, ,f,e,l,t, ,l,i,k,e, ,c,r,a,p,",", ,b,u,t, ,I, ,f,e,l,t, ,c,o,m,p,l,e,t,e,l,y, ,f,i,n,e, ,t,w,o, ,d,a,y,s, ,a,f,t,e,r,.
I,‚Äô,d, ,s,a,y, ,y,o,u,‚Äô,r,e, ,p,r,o,b,a,b,l,y, ,f,i,n,e, ,t,o, ,d,r,i,v,e, ,y,o,u,r,s,e,l,f, ,h,o,m,e, ,a,f,t,e,r, ,t,h,e, ,s,h,o,t,",", ,b,u,t, ,b,e, ,p,r,e,p,a,r,e,d, ,t,h,a,t, ,y,o,u, ,m,a,y, ,f,e,e,l, ,s,i,c,k, ,t,h,e, ,n,e,x,t, ,d,a,y,.
T,h,e, ,d,i,z,z,i,n,e,s,s, ,d,i,d,n,‚Äô,t, ,s,t,a,r,t, ,f,o,r, ,m,e, ,u,n,t,i,l, ,2,4, ,h,o,u,r,s, ,l,a,t,e,r,",", ,a,n,d, ,h,o,n,e,s,t,l,y, ,f,o,r, ,m,e, ,i,t, ,w,a,s, ,a, ,g,a,m,e, ,o,f,",", ,‚Äú,i,s, ,t,h,i,s, ,p,r,e,g,n,a,n,c,y,?, ,I,s, ,t,h,i,s, ,a, ,v,a,c,c,i,n,e, ,s,i,d,e, ,e,f,f,e,c,t,?, ,I,s, ,t,h,i,s, ,a, ,n,i,g,h,t, ,s,h,i,f,t,/,c,a,f,f,e,i,n,e, ,h,e,a,d,a,c,h,e,?,‚Äù, ,L,o,l,., ,I,t, ,w,a,s,n,‚Äô,t, ,s,e,v,e,r,e,",", ,a,n,d, ,I, ,m,a,n,a,g,e,d, ,i,t, ,w,i,t,h, ,s,o,m,e, ,G,a,t,o,r,a,d,e, ,a,n,d, ,a, ,n,a,p,., ,D,i,d,n,‚Äô,t, ,h,e,l,p, ,I, ,a,l,s,o, ,r,e,n,e,w,e,d, ,m,y, ,C,P,R, ,t,h,a,t, ,s,a,m,e, ,m,o,r,n,i,n,g, ,üòè
I, ,h,o,p,e, ,y,o,u,r,s, ,g,o,e,s, ,w,e,l,l, ,a,n,d, ,y,o,u, ,d,o,n,‚Äô,t, ,h,a,v,e, ,a,n,y, ,s,i,d,e, ,e,f,f,e,c,t,s,!
I, ,w,a,s, ,n,o,t, ,p,r,e,g,n,a,n,t,",", ,b,u,t, ,h,a,d, ,t,o, ,d,r,i,v,e, ,3, ,h,o,u,r,s, ,w,i,t,h, ,a, ,n,e,w,b,o,r,n, ,t,o, ,g,e,t, ,v,a,c,c,i,n,a,t,e,d,-, ,I, ,w,a,s, ,s,u,p,e,r, ,w,o,r,r,i,e,d, ,b,u,t, ,m,y, ,c,o,h,o,r,t, ,a,l,l, ,r,e,p,o,r,t,e,d, ,f,e,e,l,i,n,g, ,f,i,n,e, ,u,n,t,i,l, ,8,-,1,2, ,h,o,u,r,s, ,l,a,t,e,r, ,a,n,d, ,t,h,a,t, ,w,a,s, ,a,b,o,u,t, ,r,i,g,h,t, ,f,o,r, ,m,e, ,a,s, ,w,e,l,l,., ,T,h,e, ,3, ,h,o,u,r, ,d,r,i,v,e, ,r,i,g,h,t, ,a,f,t,e,r, ,w,a,s, ,f,i,n,e,!
G,o,o,d, ,f,o,r, ,y,o,u,!, ,I,',m, ,p,l,a,n,n,i,n,g, ,t,o, ,d,o, ,t,h,e, ,s,a,m,e, ,o,n,c,e, ,t,h,e, ,s,h,o,t, ,i,s, ,a,v,a,i,l,a,b,l,e, ,t,o, ,m,y, ,b,a,b,y,., ,W,e, ,a,r,e, ,i,n, ,a,n, ,u,r,b,a,n, ,a,r,e,a, ,a,n,d, ,I, ,s,e,e, ,t,h,e, ,k,i,d,s,', ,v,a,c,c,i,n,e,s, ,b,e,i,n,g, ,m,o,r,e, ,a,v,a,i,l,a,b,l,e, ,i,n, ,r,u,r,a,l, ,a,r,e,a,s, ,j,u,s,t, ,l,i,k,e, ,m,i,n,e, ,w,a,s,.
I, ,g,o,t, ,t,h,e, ,v,a,c,c,i,n,e, ,a,t, ,3,3, ,a,n,d, ,3,7, ,w,e,e,k,s, ,p,r,e,g,n,a,n,t,., ,M,y, ,O,B, ,e,n,c,o,u,r,a,g,e,d, ,m,e,",", ,b,u,t, ,s,a,i,d, ,t,h,e, ,r,e,a,s,o,n, ,f,o,r, ,t,h,e, ,w,i,s,h,e,s,-,w,a,s,h,y, ,w,o,r,d,i,n,g, ,f,r,o,m, ,t,h,e, ,A,C,O,G, ,i,s, ,d,u,e, ,t,o, ,l,e,g,a,l, ,r,e,a,s,o,n,s,., ,O,B,s, ,d,o,n,‚Äô,t, ,w,a,n,t, ,t,o, ,g,e,t, ,s,u,e,d, ,o,n, ,t,h,e, ,u,n,l,i,k,e,l,y, ,e,v,e,n,t, ,t,h,a,t, ,t,h,e,r,e, ,a,r,e, ,c,o,m,p,l,i,c,a,t,i,o,n,s, ,f,r,o,m, ,t,h,e, ,v,a,c,c,i,n,e,.
M,y, ,t,w,i,n, ,b,o,y,s, ,w,e,r,e, ,b,o,r,n, ,p,e,r,f,e,c,t,l,y, ,h,e,a,l,t,h,y, ,a,n,d, ,f,u,l,l, ,t,e,r,m, ,d,e,s,p,i,t,e, ,t,h,e, ,v,a,c,c,i,n,e,., ,T,h,e,r,e,‚Äô,s, ,a,l,s,o, ,b,e,e,n, ,s,o,m,e, ,e,v,i,d,e,n,c,e, ,t,h,a,t, ,t,h,e, ,b,a,b,i,e,s, ,w,i,l,l, ,h,a,v,e, ,a,n,t,i,b,o,d,i,e,s,",", ,a,n,d, ,a,n,t,i,b,o,d,i,e,s, ,h,a,v,e, ,b,e,e,n, ,f,o,u,n,d, ,i,n, ,b,r,e,a,s,t,m,i,l,k, ,o,f, ,v,a,c,c,i,n,a,t,e,d, ,m,o,t,h,e,r,s,., ,I,‚Äô,m, ,s,o, ,h,a,p,p,y, ,w,i,t,h, ,m,y, ,d,e,c,i,s,i,o,n, ,t,o, ,g,e,t, ,v,a,c,c,i,n,a,t,e,d, ,d,u,r,i,n,g, ,p,r,e,g,n,a,n,c,y,.
M,y, ,O,B, ,w,a,s, ,s,o, ,o,n, ,b,o,a,r,d,., ,I, ,m,e,s,s,a,g,e,d, ,h,e,r, ,t,o, ,a,s,k, ,i,s, ,s,h,e, ,w,o,u,l,d, ,s,i,g,n, ,t,h,e, ,f,o,r,m, ,f,o,r, ,m,e,",", ,a,n,d, ,s,h,e, ,h,a,d, ,f,i,l,e,d, ,i,t, ,o,u,t, ,f,o,r, ,m,e, ,a,n,d, ,s,i,g,n,e,d, ,i,t, ,a,n,d, ,s,e,n,t, ,i,t, ,b,a,c,k, ,w,i,t,h,i,n, ,a, ,f,e,w, ,h,o,u,r,s,., ,Y,o,u,r, ,O,B, ,i,s, ,p,r,o,b,a,b,l,y, ,j,u,s,t, ,c,o,n,c,e,r,n,e,d, ,a,b,o,u,t, ,s,o,m,e, ,s,o,r,t, ,o,f, ,l,i,a,b,i,l,i,t,y,., ,T,h,e,y, ,g,e,t, ,s,u,e,d, ,m,o,r,e, ,t,h,a,n, ,a,n,y, ,o,t,h,e,r, ,s,p,e,c,i,a,l,t,y,.
I, ,h,a,v,e, ,K,a,i,s,e,r, ,a,n,d, ,s,a,w, ,3, ,d,i,f,f,e,r,e,n,t, ,O,B,s, ,d,u,r,i,n,g, ,m,y, ,c,h,e,c,k, ,u,p,s, ,s,o, ,I, ,a,s,k,e,d, ,e,a,c,h, ,o,f, ,t,h,e,m, ,i,f, ,t,h,e,y, ,t,h,o,u,g,h,t, ,i,t, ,w,a,s, ,s,a,f,e, ,f,o,r, ,m,e, ,t,o, ,g,e,t, ,t,h,e, ,v,a,c,c,i,n,e,., , ,T,h,e,y, ,a,l,l, ,s,h,o,w,e,d, ,m,e, ,t,h,e, ,s,a,m,e, ,a,r,t,i,c,l,e, ,a,n,d, ,s,a,i,d, ,t,h,a,t, ,t,h,e,y, ,k,n,e,w, ,p,r,e,g,n,a,n,t, ,w,o,m,e,n, ,w,h,o, ,g,o,t, ,t,h,e, ,v,a,c,c,i,n,e, ,a,n,d, ,w,e,r,e, ,f,i,n,e, ,a,f,t,e,r, ,a, ,c,o,u,p,l,e, ,o,f, ,d,a,y,s, ,r,e,s,t,., , ,F,o,r, ,b,o,t,h, ,v,a,c,c,i,n,e,s,",", ,I, ,o,n,l,y, ,h,a,d, ,a, ,s,o,r,e, ,a,r,m,.
I,t,‚Äô,s, ,p,r,o,b,a,b,l,y, ,b,e,c,a,u,s,e, ,y,o,u, ,w,e,r,e, ,i,n, ,a, ,r,u,r,a,l, ,a,r,e,a,., ,I,‚Äô,m, ,h,a,v,i,n,g, ,t,o, ,d,r,i,v,e, ,a,b,o,u,t, ,t,h,e, ,s,a,m,e, ,d,i,s,t,a,n,c,e, ,t,o, ,g,e,t, ,m,i,n,e,., ,I,‚Äô,m, ,o,n, ,a, ,s,t,a,t,e, ,b,o,r,d,e,r, ,o,f, ,a, ,n,o,r,t,h,e,r,n, ,a,n,d, ,s,o,u,t,h,e,r,n, ,s,t,a,t,e,",", ,w,h,e,r,e, ,s,o,m,e, ,f,r,o,m, ,t,h,e, ,s,o,u,t,h,e,r,n, ,s,t,a,t,e, ,c,o,m,e, ,u,p, ,a,n,d, ,w,o,r,k, ,i,n, ,t,h,e, ,n,o,r,t,h,e,r,n, ,s,t,a,t,e,., ,T,h,e, ,p,e,o,p,l,e, ,i,n, ,t,h,e, ,s,o,u,t,h,e,r,n, ,s,t,a,t,e, ,a,r,e, ,h,a,v,i,n,g, ,a, ,w,a,y, ,e,a,s,i,e,r, ,t,i,m,e, ,g,e,t,t,i,n,g, ,v,a,c,c,i,n,a,t,e,d, ,t,h,a,n, ,t,h,o,s,e, ,o,f, ,u,s, ,i,n, ,t,h,e, ,n,o,r,t,h,e,r,n, ,o,n,e, ,b,e,c,a,u,s,e, ,n,o,t, ,a,s, ,m,a,n,y, ,p,e,o,p,l,e, ,s,o,u,t,h, ,a,r,e, ,g,e,t,t,i,n,g, ,i,t,., ,O,h, ,w,e,l,l,",", ,a,t, ,l,e,a,s,t, ,y,o,u, ,w,e,r,e, ,a,b,l,e, ,t,o, ,f,i,n,d, ,a,n, ,a,p,p,o,i,n,t,m,e,n,t,!, ,I,t, ,s,u,c,k,s, ,t,o, ,d,e,a,l, ,w,i,t,h, ,a,n,n,o,y,i,n,g, ,p,e,o,p,l,e,",", ,b,u,t, ,a,t, ,t,h,e, ,e,n,d, ,o,f, ,t,h,e, ,d,a,y, ,y,o,u, ,a,r,e, ,v,a,c,c,i,n,a,t,e,d, ,a,n,d, ,b,a,b,y, ,i,s, ,s,a,f,e,r,.
I, ,n,o,t,i,c,e,d, ,t,h,a,t, ,t,o,o,.,.,w,h,e,n, ,I, ,c,a,l,l,e,d, ,t,o, ,a,s,k,",", ,t,h,e, ,d,o,c,t,o,r,',s, ,o,f,f,i,c,e, ,w,a,s, ,e,n,c,o,u,r,a,g,i,n,g, ,f,o,r, ,m,e, ,t,o, ,g,e,t, ,i,t, ,b,u,t, ,i,n, ,t,h,e, ,c,a,l,l, ,n,o,t,e,s, ,i,n, ,m,y, ,a,c,c,o,u,n,t, ,i,t, ,w,a,s, ,v,e,r,y, ,v,a,g,u,e, ,a,n,d, ,j,u,s,t, ,m,e,n,t,i,o,n,e,d, ,t,h,a,t, ,t,h,e,r,e, ,i,s, ,n,o, ,d,a,t,a, ,t,o, ,c,o,n,f,i,r,m, ,b,l,a,h, ,b,l,a,h, ,b,l,a,h,.
I,t,',s, ,l,i,k,e, ,p,e,o,p,l,e, ,d,o,n,',t, ,k,n,o,w, ,t,h,e, ,d,i,f,f,e,r,e,n,c,e, ,b,e,t,w,e,e,n, ,a, ,d,r,u,g, ,a,n,d, ,a, ,v,a,c,c,i,n,e,., ,Y,e,a,h, ,i,t, ,w,o,u,l,d, ,b,e, ,a, ,l,i,t,t,l,e, ,f,r,e,a,k,i,e,r, ,i,f, ,t,h,i,s, ,w,a,s, ,s,o,m,e, ,n,e,w, ,d,r,u,g, ,b,u,t, ,i,t,',s, ,n,o,t,., ,I,t,',s, ,a, ,v,a,c,c,i,n,e,., ,I,t,',s, ,n,o,t, ,l,i,k,e, ,i,t,',s, ,t,h,a,l,i,d,o,m,i,d,e,., ,B,u,t, ,I, ,t,h,i,n,k, ,t,h,a,t,',s, ,t,h,e, ,f,e,a,r, ,t,h,a,t, ,p,e,o,p,l,e, ,h,a,v,e,., ,A,l,s,o, ,s,i,d,e, ,n,o,t,e, ,m,y, ,O,B, ,i,s, ,c,u,r,r,e,n,t,l,y, ,p,r,e,g,n,a,n,t, ,a,n,d, ,g,o,t, ,t,h,e, ,v,a,c,c,i,n,e, ,h,e,r,s,e,l,f,.
M,y, ,O,B, ,s,a,i,d, ,t,h,i,s, ,t,o, ,m,e, ,a,s, ,w,e,l,l,., ,S,h,e, ,j,u,s,t, ,s,a,y,s, ,t,h,a,t, ,"""",t,h,e,r,e,',s, ,n,o,t, ,e,n,o,u,g,h, ,d,a,t,a,., ,I,t, ,d,o,e,s,n,',t, ,m,e,a,n, ,i,t,',s, ,b,a,d,.,.,., ,i,t, ,j,u,s,t, ,m,e,a,n,s, ,t,h,e,r,e,',s, ,n,o,t, ,e,n,o,u,g,h, ,d,a,t,a,., ,B,u,t, ,w,e, ,d,o,n,',t, ,t,h,i,n,k, ,t,h,e,r,e, ,i,s, ,a, ,g,r,a,v,e, ,r,i,s,k, ,(,b,a,s,e,d, ,o,n, ,t,h,e, ,s,c,i,e,n,c,e, ,o,f, ,t,h,e, ,v,a,c,c,i,n,e,),"""", ,a,n,d, ,t,h,a,t, ,s,h,e, ,w,o,u,l,d,n,',t, ,d,i,s,c,o,u,r,a,g,e, ,m,e, ,f,r,o,m, ,h,a,v,i,n,g, ,a, ,v,a,c,c,i,n,e,.
M,y, ,O,B,G,Y,N, ,h,a,s, ,b,e,e,n, ,m,y, ,d,o,c,t,o,r, ,s,i,n,c,e, ,I, ,w,a,s, ,1,6,., ,I,',m, ,3,1,., ,S,h,e, ,t,o,l,d, ,m,e, ,w,i,t,h, ,o,t,h,e,r,s, ,s,h,e, ,h,a,s, ,e,n,c,o,u,r,a,g,e,d, ,t,h,e, ,v,a,c,c,i,n,e,",", ,b,u,t, ,g,i,v,e,n, ,t,h,a,t, ,I,',v,e, ,h,a,d, ,s,t,r,o,n,g, ,r,e,s,p,o,n,s,e,s, ,t,o, ,v,a,c,c,i,n,e,s, ,i,n, ,t,h,e, ,p,a,s,t, ,(,I, ,a,l,w,a,y,s, ,r,u,n, ,h,i,g,h, ,f,e,v,e,r,),",", ,s,h,e, ,s,a,y,s, ,s,h,e, ,s,u,p,p,o,r,t,s, ,m,y, ,d,e,c,i,s,i,o,n, ,t,o, ,w,a,i,t,",", ,b,u,t, ,d,o,e,s,n,',t, ,b,l,a,m,e, ,m,e, ,i,f, ,I, ,d,o,n,',t, ,w,a,n,t, ,t,o, ,w,a,i,t,., ,I,',m, ,i,n, ,m,y, ,h,o,u,s,e, ,a,b,o,u,t, ,9,0,%, ,o,f, ,t,h,e, ,t,i,m,e,",", ,m,y, ,h,u,s,b,a,n,d, ,w,o,r,k,s, ,f,r,o,m, ,h,o,m,e,",", ,g,r,o,c,e,r,i,e,s, ,a,r,e, ,d,e,l,i,v,e,r,e,d,",", ,e,t,c,.
S,o, ,I, ,d,e,c,i,d,e,d, ,t,o, ,w,a,i,t,., , ,B,u,t, ,I, ,d,o,n,',t, ,j,u,d,g,e, ,a,n,y,o,n,e, ,w,h,o, ,d,o,e,s,n,',t, ,w,a,n,t, ,t,o, ,w,a,i,t,., ,I, ,t,h,i,n,k, ,a,n,y, ,d,e,c,i,s,i,o,n, ,t,h,a,t, ,a, ,M,o,m, ,m,a,k,e,s, ,f,o,r, ,t,h,e, ,b,e,s,t, ,o,f, ,h,e,r, ,c,h,i,l,d, ,(,w,i,t,h,i,n, ,r,e,a,s,o,n,), ,i,s, ,a, ,g,o,o,d, ,d,e,c,i,s,i,o,n,.
I, ,c,h,o,s,e, ,t,o, ,w,a,i,t, ,t,o,o, ,b,e,c,a,u,s,e, ,I,',m, ,l,i,k,e, ,3, ,w,e,e,k,s, ,a,w,a,y, ,f,r,o,m, ,m,y, ,d,u,e, ,d,a,t,e,?, ,B,u,t, ,a,s, ,s,o,o,n, ,a,s, ,i, ,g,i,v,e, ,b,i,r,t,h, ,a,n,d, ,i,t,',s, ,a,v,a,i,l,a,b,l,e, ,t,o, ,m,e, ,I,',l,l, ,t,a,k,e, ,i,t
I, ,w,o,u,l,d, ,a,c,t,u,a,l,l,y, ,b,e, ,m,o,r,e, ,i,n,c,l,i,n,e,d, ,t,o, ,g,e,t, ,i,t, ,t,o,w,a,r,d,s, ,t,h,e, ,e,n,d, ,o,f, ,p,r,e,g,n,a,n,c,y,",", ,i,t, ,m,e,a,n,s, ,w,h,i,l,s,t, ,y,o,u, ,a,r,e, ,i,n, ,h,o,s,p,i,t,a,l, ,y,o,u, ,h,a,v,e, ,s,o,m,e, ,l,e,v,e,l, ,o,f, ,p,r,o,t,e,c,t,i,o,n,",", ,a,n,d, ,y,o,u,r, ,b,a,b,y, ,i,s, ,d,e,v,e,l,o,p,e,d, ,e,n,o,u,g,h, ,t,h,a,t, ,i,f, ,y,o,u, ,d,i,d, ,h,a,v,e, ,m,i,l,d, ,s,i,d,e, ,e,f,f,e,c,t,s, ,t,h,e,y, ,w,o,u,l,d, ,b,e, ,f,i,n,e,",", ,o,r, ,m,o,d,e,r,a,t,e, ,s,i,d,e, ,e,f,f,e,c,t,s, ,t,h,e,y, ,a,r,e, ,c,o,o,k,e,d, ,e,n,o,u,g,h, ,t,o, ,c,o,m,e, ,o,u,t, ,o,f, ,t,h,e, ,o,v,e,n,.
I, ,h,a,d, ,m,y, ,b,a,b,y, ,l,a,s,t, ,a,u,g,u,s,t, ,a,n,d, ,h,a,v,i,n,g, ,t,o, ,d,e,l,i,v,e,r, ,w,h,i,l,e, ,I, ,w,a,s, ,u,n,c,o,n,s,c,i,o,u,s, ,w,a,s, ,m,y, ,b,i,g,g,e,s,t, ,f,e,a,r, ,n,e,x,t, ,t,o, ,s,t,r,a,i,g,h,t, ,u,p, ,d,y,i,n,g
G,o,o,d, ,f,o,r, ,y,o,u, ,g,i,r,l,!, ,I, ,w,i,l,l, ,b,e, ,1,1,+,2, ,n,e,x,t, ,W,e,d,n,e,s,d,a,y, ,w,h,e,n, ,I,‚Äô,m, ,s,c,h,e,d,u,l,e,d, ,t,o, ,g,e,t, ,m,y, ,f,i,r,s,t, ,r,o,u,n,d, ,(,M,o,d,e,r,n,a, ,a,s, ,w,e,l,l,),., ,I, ,l,i,t,e,r,a,l,l,y, ,c,r,i,e,d, ,w,h,e,n, ,I, ,g,o,t, ,t,h,e, ,n,o,t,i,c,e, ,t,o, ,s,c,h,e,d,u,l,e, ,i,t,",", ,f,r,o,m, ,r,e,l,i,e,f, ,o,r, ,e,x,c,i,t,e,m,e,n,t, ,n,o,t, ,s,u,r,e, ,w,h,i,c,h,., ,I, ,a,g,r,e,e, ,t,h,a,t, ,w,e, ,s,h,o,u,l,d, ,t,a,k,e, ,c,a,r,e, ,o,f, ,o,u,r,s,e,l,v,e,s, ,f,i,r,s,t,",", ,o,r, ,w,e, ,m,a,y, ,n,o,t, ,b,e, ,a,r,o,u,n,d, ,t,o, ,c,a,r,e, ,f,o,r, ,o,t,h,e,r,s,., ,T,h,e,r,e,‚Äô,s, ,a,l,s,o, ,a, ,p,a,r,t, ,o,f, ,m,e, ,t,h,a,t, ,a,l,m,o,s,t, ,f,e,e,l,s, ,o,b,l,i,g,a,t,e,d,",", ,s,i,m,p,l,y, ,b,e,c,a,u,s,e, ,t,h,e, ,f,a,c,t, ,t,h,e,r,e,‚Äô,s, ,n,o,t, ,a, ,l,o,t, ,o,f, ,d,a,t,a, ,o,n, ,t,h,e, ,e,f,f,e,c,t,s, ,o,f, ,t,h,e,s,e, ,v,a,c,c,i,n,e,s, ,d,u,r,i,n,g, ,p,r,e,g,n,a,n,c,y,., ,T,h,i,n,k, ,o,f, ,h,o,w, ,m,a,n,y, ,l,i,v,e,s,",", ,i,n,c,l,u,d,i,n,g, ,o,u,r,s,e,l,v,e,s,",", ,o,u,r, ,e,x,p,e,r,i,e,n,c,e,s, ,c,o,u,l,d, ,s,a,v,e,!, ,A,n,d, ,h,o,w, ,m,u,c,h, ,f,e,a,r, ,i,t, ,c,o,u,l,d, ,q,u,e,l,l, ,i,n, ,o,t,h,e,r,s,.
B,u,t, ,b,a,c,k, ,t,o, ,y,o,u,r, ,p,o,i,n,t,",", ,w,e, ,a,r,e,n,‚Äô,t, ,t,e,l,l,i,n,g, ,a,n,y,b,o,d,y, ,I,‚Äô,m, ,g,e,t,t,i,n,g, ,i,t, ,b,e,c,a,u,s,e, ,e,v,e,r,y,b,o,d,y, ,h,a,s, ,s,u,c,h, ,a, ,s,t,r,o,n,g, ,o,p,i,n,i,o,n, ,o,n, ,w,h,a,t, ,p,r,e,g,n,a,n,t, ,w,o,m,e,n, ,s,h,o,u,l,d, ,o,r, ,s,h,o,u,l,d, ,n,o,t, ,d,o, ,w,i,t,h, ,t,h,e,i,r, ,b,o,d,i,e,s, ,a,s, ,i,t, ,i,s,",", ,w,h,e,t,h,e,r, ,t,h,a,t, ,b,e, ,e,a,t,i,n,g, ,a,n, ,i,c,e, ,c,r,e,a,m, ,c,o,n,e, ,o,r, ,t,a,k,e, ,b,a,t,h,s, ,o,r, ,w,h,a,t,e,v,e,r,., ,A,n,d, ,a,i,n,‚Äô,t, ,n,o,b,o,d,y, ,g,o,t, ,t,i,m,e, ,f,o,r, ,t,h,a,t,., ,M,y, ,O,B,G,Y,N, ,d,i,d, ,o,p,e,n,l,y, ,e,n,c,o,u,r,a,g,e, ,i,t, ,a,t, ,l,e,a,s,t,., ,G,o,o,d, ,l,u,c,k, ,m,a,m,a,!
I,‚Äô,m, ,n,o,t, ,w,o,r,r,i,e,d, ,a,b,o,u,t, ,a, ,s,o,r,e, ,a,r,m,",", ,f,e,v,e,r,",", ,o,r, ,o,t,h,e,r, ,s,i,d,e, ,e,f,f,e,c,t,s, ,f,r,o,m, ,t,h,e, ,v,a,c,c,i,n,e,., ,I,‚Äô,m, ,w,o,r,r,i,e,d, ,a,b,o,u,t, ,w,h,a,t, ,w,e, ,d,o,n,‚Äô,t, ,k,n,o,w, ,b,e,c,a,u,s,e, ,i,t, ,h,a,s,n,‚Äô,t, ,b,e,e,n, ,t,e,s,t,e,d, ,o,n, ,p,r,e,g,n,a,n,t, ,w,o,m,e,n,.
T,h,e,r,e, ,i,s, ,s,o,m,e, ,d,a,t,a,., ,S,o,m,e, ,o,f, ,t,h,e, ,p,e,o,p,l,e, ,i,n, ,t,h,e, ,o,r,i,g,i,n,a,l, ,v,a,c,c,i,n,e, ,s,t,u,d,i,e,s, ,e,n,d,e,d, ,u,p, ,b,e,c,o,m,i,n,g, ,p,r,e,g,n,a,n,t, ,a,n,d, ,h,a,d, ,n,o, ,a,d,v,e,r,s,e, ,o,u,t,c,o,m,e,s,., ,T,h,e,y,‚Äô,v,e, ,d,o,n,e, ,s,t,u,d,i,e,s, ,w,i,t,h, ,p,r,e,g,n,a,n,t, ,a,n,i,m,a,l,s, ,a,n,d, ,t,h,e,y,‚Äô,v,e, ,h,a,d, ,n,o, ,a,d,v,e,r,s,e, ,r,e,a,c,t,i,o,n,s,., ,P,r,e,g,n,a,n,t, ,w,o,m,e,n, ,a,l,s,o, ,r,o,u,t,i,n,e,l,y, ,r,e,c,e,i,v,e, ,v,a,c,c,i,n,e,s,., ,R,i,g,h,t, ,n,o,w, ,t,h,e,r,e, ,a,r,e,n,‚Äô,t, ,a,n,y, ,i,n,d,i,c,a,t,o,r,s, ,t,h,a,t, ,i,t, ,w,o,u,l,d, ,b,e, ,d,a,n,g,e,r,o,u,s,., ,T,h,e,r,e, ,i,s, ,c,l,e,a,r, ,a,n,d, ,g,r,o,w,i,n,g, ,d,a,t,a, ,o,n, ,t,h,e, ,r,i,s,k,s, ,o,f, ,g,e,t,t,i,n,g, ,c,o,v,i,d, ,w,h,i,l,e, ,p,r,e,g,n,a,n,t,",", ,i,n,c,l,u,d,i,n,g, ,3,x, ,i,n,c,r,e,a,s,e,d, ,r,i,s,k, ,o,f, ,h,o,s,p,i,t,a,l,i,z,a,t,i,o,n,",", ,1,3,x, ,i,n,c,r,e,a,s,e,d, ,r,i,s,k, ,o,f, ,f,a,t,a,l,i,t,y, ,a,n,d, ,t,h,e, ,r,i,s,k, ,o,f, ,p,r,e,t,e,r,m, ,l,a,b,o,r,.
t,h,e,r,e, ,a,r,e, ,d,e,f,i,n,i,t,e,l,y, ,g,o,o,d, ,r,e,a,s,o,n,s, ,t,o, ,g,e,t, ,t,h,e, ,v,a,c,c,i,n,e,., ,b,u,t, ,o,n, ,b,a,l,a,n,c,e,",", ,b,a,s,e,d, ,o,n, ,m,y, ,p,e,r,s,o,n,a,l, ,r,i,s,k, ,o,f, ,s,e,v,e,r,e, ,i,l,l,n,e,s,s, ,a,n,d, ,e,x,p,o,s,u,r,e,",", ,i,',v,e, ,d,e,c,i,d,e,d, ,t,o, ,w,a,i,t, ,u,n,t,i,l, ,i,',v,e, ,d,e,l,i,v,e,r,e,d, ,t,o, ,g,e,t, ,t,h,e, ,v,a,c,c,i,n,e,.
T,h,e, ,C,D,C, ,h,a,s, ,r,e,c,e,n,t,l,y, ,r,e,l,e,a,s,e,d, ,i,t,s, ,p,r,e,l,i,m,i,n,a,r,y, ,d,a,t,a, ,i,t,',s, ,t,r,a,c,k,i,n,g, ,o,v,e,r, ,3,0,",",0,0,0, ,p,r,e,g,n,a,n,t, ,w,o,m,e,n, ,w,h,o,',v,e, ,r,e,c,e,i,v,e,d, ,t,h,e, ,v,a,c,c,i,n,e,., ,T,h,e, ,d,a,t,a, ,s,o, ,f,a,r, ,s,h,o,w, ,t,h,a,t, ,t,h,e,r,e, ,h,a,v,e, ,b,e,e,n, ,n,o, ,a,d,v,e,r,s,e, ,o,u,t,c,o,m,e,s,.
I,‚Äô,m, ,a,g,a,i,n,s,t, ,t,h,i,s, ,p,h,r,a,s,i,n,g, ,b,e,c,a,u,s,e, ,i,t, ,m,a,k,e,s, ,i,t, ,s,o,u,n,d, ,l,i,k,e, ,p,r,e,g,n,a,n,t, ,w,o,m,e,n, ,h,a,v,e,n,‚Äô,t, ,g,o,t,t,e,n, ,i,t, ,a,n,d, ,l,i,k,e, ,w,e, ,h,a,v,e, ,n,o, ,i,d,e,a, ,h,o,w, ,i,t, ,e,f,f,e,c,t,s, ,t,h,e,m, ,w,h,i,c,h, ,j,u,s,t, ,i,s,n,‚Äô,t, ,t,r,u,e,., ,I,t, ,h,a,s,n,‚Äô,t, ,p,u,r,p,o,s,e,l,y, ,b,e,e,n, ,t,e,s,t,e,d, ,o,n, ,p,r,e,g,n,a,n,t, ,w,o,m,e,n,., , ,O,v,e,r, ,2,0,0,",",0,0,0, ,p,r,e,g,n,a,n,t, ,w,o,m,e,n, ,h,a,v,e, ,g,o,t,t,e,n, ,i,t,., ,W,e, ,d,o, ,h,a,v,e, ,d,a,t,a, ,a,n,d, ,t,h,e, ,d,a,t,a, ,s,o, ,f,a,r, ,s,h,o,w,s, ,n,o, ,r,e,a,s,o,n,i,n,g, ,t,o, ,w,i,t,h,o,u,t, ,t,h,e, ,v,a,c,c,i,n,e, ,f,r,o,m, ,p,r,e,g,n,a,n,t, ,w,o,m,e,n,.
I,f, ,i,t, ,m,a,k,e,s, ,y,o,u, ,f,e,e,l, ,b,e,t,t,e,r, ,t,h,e, ,‚Äú,b,a,b,y, ,f,a,c,t,o,r,y,‚Äù, ,h,o,s,p,i,t,a,l, ,h,e,r,e, ,i,n, ,t,o,w,n, ,s,t,a,r,t,e,d, ,a, ,p,r,e,g,n,a,n,t, ,p,e,o,p,l,e, ,o,n,l,y, ,v,a,c,c,i,n,e, ,c,l,i,n,i,c, ,o,n, ,M,o,n,d,a,y,",", ,t,h,e,y, ,a,r,e, ,g,e,t,t,i,n,g, ,1,0,0,s, ,o,f, ,w,o,m,e,n, ,a, ,d,a,y, ,a,n,d, ,r,a,n, ,o,u,t, ,o,f, ,A,p,p,o,i,n,t,m,e,n,t,s,., ,I, ,w,a,s, ,t,h,e,r,e, ,o,n, ,M,o,n,d,a,y, ,i,t, ,f,e,l,t, ,s,o, ,g,o,o,d, ,t,o, ,b,e, ,w,a,i,t,i,n,g, ,i,n, ,s,o,c,i,a,l,l,y, ,d,i,s,t,a,n,c,e,d, ,l,i,n,e, ,i,n, ,a, ,r,o,o,m, ,f,u,l,l, ,o,f, ,o,t,h,e,r, ,p,r,e,g,n,a,n,t, ,w,o,m,e,n, ,e,q,u,a,l,l,y, ,a,s, ,j,a,z,z,e,d, ,t,o, ,g,e,t, ,t,h,e, ,v,a,c,c,i,n,e
T,h,a,t, ,i,s, ,s,o, ,a,w,e,s,o,m,e,!, ,I,‚Äô,d, ,l,o,o,o,o,v,e, ,t,o, ,m,e,e,t, ,a,n,o,t,h,e,r, ,p,r,e,g,n,a,n,t, ,p,e,r,s,o,n, ,i,n, ,R,e,a,l, ,L,i,f,e,.
